Title,Artist,Description
A Million Ways,OK Go,Band Hero
ABC,Jackson 5,Band Hero
American Pie,Don McLean,Band Hero
Angels Of The Silences,Counting Crows,Band Hero
Back Again,Paracute,Band Hero
Bad Reputation,Joan Jett,Band Hero
Beautiful Soul,Jesse McCartney,Band Hero
Believe,The Bravery,Band Hero
Black Cat,Janet Jackson,Band Hero
Black Horse and the Cherry Tree,KT Tunstall,Band Hero
Bring Me to Life,Evanescence,Band Hero
Dirty Little Secret,The All-American Rejects,Band Hero
Do You Really Want to Hurt Me,Culture Club,Band Hero
Don't Speak,No Doubt,Band Hero
Every Rose Has Its Thorn,Poison,Band Hero
Fascination,Alphabeat,Band Hero
Gasoline,The Airborne Toxic Event,Band Hero
Hands Down,Dashboard Confessional,Band Hero
Hang Me Up to Dry,Cold War Kids,Band Hero
Happy Together,The Turtles,Band Hero
Honky Tonk Women,The Rolling Stones,Band Hero
I Heard It Through the Grapevine,Marvin Gaye,Band Hero
I Want You to Want Me (Live),Cheap Trick,Band Hero
If You Could Only See,Tonic,Band Hero
In a Big Country,Big Country,Band Hero
Just a Girl,No Doubt,Band Hero
Kids,Robbie Williams and Kylie Minogue,Band Hero
Kung Fu Fighting,Carl Douglas,Band Hero
L.E.S. Artistes,Santigold,Band Hero
Let's Dance,David Bowie,Band Hero
Lifeline,Papa Roach,Band Hero
Like Whoa,Aly & AJ,Band Hero
Lips of an Angel,Hinder,Band Hero
Love is a Battlefield,Pat Benatar,Band Hero
Love Story,Taylor Swift,Band Hero
Mr. Roboto,Styx,Band Hero
Naive,The Kooks,Band Hero
Ocean Avenue,Yellowcard,Band Hero
Our Lips Are Sealed,Go-Go's,Band Hero
Paralyzer,Finger Eleven,Band Hero
Picture to Burn,Taylor Swift,Band Hero
Pictures of You,The Last Goodnight,Band Hero
Oh Pretty Woman,Roy Orbison,Band Hero
Put Your Records On,Corinne Bailey Rae,Band Hero
Rio,Duran Duran,Band Hero
Rock Star,N*E*R*D,Band Hero
Santa Monica,Everclear,Band Hero
She Will Be Loved,Maroon 5,Band Hero
So Yesterday,Hilary Duff,Band Hero
Steal My Kisses,Ben Harper and the Innocent Criminals,Band Hero
"Sugar, We're Goin Down",Fall Out Boy,Band Hero
Take a Picture,Filter,Band Hero
Take Back the City,Snow Patrol,Band Hero
Take What You Take,Lily Allen,Band Hero
The Adventure,Angels & Airwaves,Band Hero
The Impression That I Get,The Mighty Mighty Bosstones,Band Hero
Turn Off the Light,Nelly Furtado,Band Hero
Walking on Sunshine,Katrina and the Waves,Band Hero
Wannabe,Spice Girls,Band Hero
Warwick Avenue,Duffy,Band Hero
When I'm Gone,3 Doors Down,Band Hero
Whip It,Devo,Band Hero
Y.M.C.A.,Village People,Band Hero
You Belong With Me,Taylor Swift,Band Hero
You Had Me,Joss Stone,Band Hero
All Day and All of the Night,The Kinks (WaveGroup),Guitar Hero: Aerosmith
All the Young Dudes,Mott the Hoople (WaveGroup),Guitar Hero: Aerosmith
Always On The Run,Lenny Kravitz (Featuring Slash),Guitar Hero: Aerosmith
Back In The Saddle,Aerosmith,Guitar Hero: Aerosmith
Beyond Beautiful,Aerosmith,Guitar Hero: Aerosmith
Beyond Beautiful (Co-op),Aerosmith,Guitar Hero: Aerosmith
Bright Light Fright,Aerosmith,Guitar Hero: Aerosmith
Cat Scratch Fever,Ted Nugent,Guitar Hero: Aerosmith
Complete Control,The Clash,Guitar Hero: Aerosmith
Draw the Line,Aerosmith,Guitar Hero: Aerosmith
Dream On,Aerosmith,Guitar Hero: Aerosmith
Dream Police,Cheap Trick,Guitar Hero: Aerosmith
Guitar Battle vs. Joe Perry,Joe Perry,Guitar Hero: Aerosmith
Hard To Handle,The Black Crowes (Steve Ouimette),Guitar Hero: Aerosmith
I Hate Myself For Loving You,Joan Jett and the Blackhearts,Guitar Hero: Aerosmith
Joe Perry Guitar Battle,Joe Perry,Guitar Hero: Aerosmith
King of Rock,Run-D.M.C.,Guitar Hero: Aerosmith
Livin' on the Edge,Aerosmith,Guitar Hero: Aerosmith
Love in an Elevator,Aerosmith,Guitar Hero: Aerosmith
Make It,Aerosmith,Guitar Hero: Aerosmith
Mama Kin,Aerosmith,Guitar Hero: Aerosmith
Movin' Out,Aerosmith,Guitar Hero: Aerosmith
No Suprize,Aerosmith,Guitar Hero: Aerosmith
No Suprize (Co-op),Aerosmith,Guitar Hero: Aerosmith
Nobody's Fault,Aerosmith,Guitar Hero: Aerosmith
Personality Crisis,New York Dolls (Steve Ouimette),Guitar Hero: Aerosmith
Rag Doll,Aerosmith,Guitar Hero: Aerosmith
Sex Type Thing,Stone Temple Pilots,Guitar Hero: Aerosmith
She Sells Sanctuary,The Cult,Guitar Hero: Aerosmith
Sweet Emotion,Aerosmith,Guitar Hero: Aerosmith
Toys in the Attic,Aerosmith,Guitar Hero: Aerosmith
Train Kept A Rollin',Aerosmith,Guitar Hero: Aerosmith
Uncle Salty,Aerosmith,Guitar Hero: Aerosmith
Walk This Way (Run-D.M.C.),Run-D.M.C.,Guitar Hero: Aerosmith
Ace of Spades,Motorhead,Guitar Hero Metallica
Albatross,Corrosion of Conformity,Guitar Hero Metallica
All Nightmare Long,Metallica,Guitar Hero Metallica
Am I Evil?,Diamond Head,Guitar Hero Metallica
Armed and Ready,Michael Schenker Group,Guitar Hero Metallica
Battery,Metallica,Guitar Hero Metallica
Beautiful Mourning,Machine Head,Guitar Hero Metallica
The Black River,The Sword,Guitar Hero Metallica
Blood and Thunder,Mastodon,Guitar Hero Metallica
"Broken, Beat & Scarred",Metallica,Guitar Hero Metallica
Creeping Death,Metallica,Guitar Hero Metallica
Cyanide,Metallica,Guitar Hero Metallica
Demon Cleaner,Kyuss,Guitar Hero Metallica
Disposable Heroes,Metallica,Guitar Hero Metallica
Dyer's Eve,Metallica,Guitar Hero Metallica
Enter Sandman,Metallica,Guitar Hero Metallica
Evil,Mercyful Fate,Guitar Hero Metallica
Fade To Black,Metallica,Guitar Hero Metallica
Fight Fire With Fire,Metallica,Guitar Hero Metallica
For Whom The Bell Tolls,Metallica,Guitar Hero Metallica
Frantic,Metallica,Guitar Hero Metallica
Fuel,Metallica,Guitar Hero Metallica
Hell Bent for Leather,Judas Priest,Guitar Hero Metallica
Hit The Lights,Metallica,Guitar Hero Metallica
King Nothing,Metallica,Guitar Hero Metallica
Master of Puppets,Metallica,Guitar Hero Metallica
Mercyful Fate,Metallica,Guitar Hero Metallica
Mommy's Little Monster (Live),Social Distortion,Guitar Hero Metallica
Mother of Mercy,Samhain,Guitar Hero Metallica
My Apocalypse,Metallica,Guitar Hero Metallica
No Excuses,Alice In Chains,Guitar Hero Metallica
No Leaf Clover,Metallica,Guitar Hero Metallica
Nothing Else Matters,Metallica,Guitar Hero Metallica
One,Metallica,Guitar Hero Metallica
Orion,Metallica,Guitar Hero Metallica
Sad But True,Metallica,Guitar Hero Metallica
Welcome Home (Sanitarium),Metallica,Guitar Hero Metallica
Seek And Destroy,Metallica,Guitar Hero Metallica
Stacked Actors,Foo Fighters,Guitar Hero Metallica
Stone Cold Crazy,Queen,Guitar Hero Metallica
Suicide And Redemption J.H.,Metallica,Guitar Hero Metallica
Suicide And Redemption K.H.,Metallica,Guitar Hero Metallica
That Was Just Your Life,Metallica,Guitar Hero Metallica
The Boys Are Back In Town,Thin Lizzy,Guitar Hero Metallica
The Day That Never Comes,Metallica,Guitar Hero Metallica
The End of The Line,Metallica,Guitar Hero Metallica
The Judas Kiss,Metallica,Guitar Hero Metallica
The Memory Remains,Metallica,Guitar Hero Metallica
The Shortest Straw,Metallica,Guitar Hero Metallica
The Thing That Should Not Be,Metallica,Guitar Hero Metallica
The Unforgiven,Metallica,Guitar Hero Metallica
The Unforgiven III,Metallica,Guitar Hero Metallica
Toxicity,System of a Down,Guitar Hero Metallica
Tuesday's Gone,Lynyrd Skynyrd,Guitar Hero Metallica
Turn the Page (Live),Bob Seger and the Silver Bullet Band,Guitar Hero Metallica
War Ensemble,Slayer,Guitar Hero Metallica
War Inside My Head,Suicidal Tendencies,Guitar Hero Metallica
Wherever I May Roam,Metallica,Guitar Hero Metallica
Whiplash,Metallica,Guitar Hero Metallica
Back In The Saddle,Aerosmith,Guitar Hero Smash Hits
Bark At The Moon,Ozzy Osbourne,Guitar Hero Smash Hits
Barracuda,Heart,Guitar Hero Smash Hits
Beast And The Harlot,Avenged Sevenfold,Guitar Hero Smash Hits
Beenox Logo,Francois Jalbert,Guitar Hero Smash Hits
Carry On Wayward Son,Kansas,Guitar Hero Smash Hits
Caught In A Mosh,Anthrax,Guitar Hero Smash Hits
Cherry Pie,Warrant,Guitar Hero Smash Hits
Cowboys From Hell (Live),Pantera,Guitar Hero Smash Hits
Cult Of Personality,Living Colour,Guitar Hero Smash Hits
Electric Eye,Judas Priest,Guitar Hero Smash Hits
Free Bird,Lynyrd Skynyrd,Guitar Hero Smash Hits
Freya,The Sword,Guitar Hero Smash Hits
Godzilla,Blue Oyster Cult,Guitar Hero Smash Hits
Heart Shaped Box,Nirvana,Guitar Hero Smash Hits
Hey You,The Exies,Guitar Hero Smash Hits
Hit Me With Your Best Shot,Pat Benatar,Guitar Hero Smash Hits
I Love Rock 'N Roll,Joan Jett and the Blackhearts,Guitar Hero Smash Hits
I Wanna Rock,Twisted Sister,Guitar Hero Smash Hits
Killer Queen,Queen,Guitar Hero Smash Hits
Killing In The Name,Rage Against the Machine,Guitar Hero Smash Hits
Laid to Rest,Lamb of God,Guitar Hero Smash Hits
Lay Down,Priestess,Guitar Hero Smash Hits
Message In A Bottle,The Police,Guitar Hero Smash Hits
Miss Murder,AFI,Guitar Hero Smash Hits
Monkey Wrench,Foo Fighters,Guitar Hero Smash Hits
More Than A Feeling,Boston,Guitar Hero Smash Hits
Mother,Danzig,Guitar Hero Smash Hits
No One Knows,Queens Of The Stone Age,Guitar Hero Smash Hits
Nothin' But A Good Time,Poison,Guitar Hero Smash Hits
Play With Me,Extreme,Guitar Hero Smash Hits
Psychobilly Freakout,The Reverend Horton Heat,Guitar Hero Smash Hits
Raining Blood,Slayer,Guitar Hero Smash Hits
Rock And Roll All Nite,KISS,Guitar Hero Smash Hits
Round And Round,RATT,Guitar Hero Smash Hits
Shout At The Devil,Motley Crue,Guitar Hero Smash Hits
Smoke On The Water,Deep Purple,Guitar Hero Smash Hits
Stellar,Incubus,Guitar Hero Smash Hits
Stop!,Jane's Addiction,Guitar Hero Smash Hits
Take It Off,The Donnas,Guitar Hero Smash Hits
Take Me Out,Franz Ferdinand,Guitar Hero Smash Hits
Them Bones,Alice In Chains,Guitar Hero Smash Hits
The Trooper,Iron Maiden,Guitar Hero Smash Hits
Through The Fire And Flames,DragonForce,Guitar Hero Smash Hits
Thunder Kiss '65,White Zombie,Guitar Hero Smash Hits
Trippin' On A Hole In A Paper Heart,Stone Temple Pilots,Guitar Hero Smash Hits
Unsung (Live In Chicago),Helmet,Guitar Hero Smash Hits
Woman,Wolfmother,Guitar Hero Smash Hits
YYZ,Rush,Guitar Hero Smash Hits
(You Can Still) Rock in America,Night Ranger,Guitar Hero Warriors of Rock
2112 Pt. 1 - Overture,Rush,Guitar Hero Warriors of Rock
2112 Pt. 2 - The Temples of Syrinx,Rush,Guitar Hero Warriors of Rock
2112 Pt. 3 - Discovery,Rush,Guitar Hero Warriors of Rock
2112 Pt. 4 - Presentation,Rush,Guitar Hero Warriors of Rock
2112 Pt. 5 - Oracle: The Dream,Rush,Guitar Hero Warriors of Rock
2112 Pt. 6 - Soliloquy,Rush,Guitar Hero Warriors of Rock
2112 Pt. 7 - Grand Finale,Rush,Guitar Hero Warriors of Rock
Again,Flyleaf,Guitar Hero Warriors of Rock
Aqualung,Jethro Tull,Guitar Hero Warriors of Rock
Bat Country,Avenged Sevenfold,Guitar Hero Warriors of Rock
Been Caught Stealing,Jane's Addiction,Guitar Hero Warriors of Rock
Black Rain,Soundgarden,Guitar Hero Warriors of Rock
Black Widow Of La Porte,John 5 Featuring Jim Root,Guitar Hero Warriors of Rock
Bleed It Out,Linkin Park,Guitar Hero Warriors of Rock
Bloodlines,Dethklok,Guitar Hero Warriors of Rock
Bodies,Drowning Pool,Guitar Hero Warriors of Rock
Bohemian Rhapsody,Queen,Guitar Hero Warriors of Rock
Burn,Deep Purple,Guitar Hero Warriors of Rock
Burnin' For You,Blue Oyster Cult,Guitar Hero Warriors of Rock
Call Me The Breeze (Live),Lynyrd Skynyrd,Guitar Hero Warriors of Rock
Calling,Strung Out,Guitar Hero Warriors of Rock
Chemical Warfare,Slayer,Guitar Hero Warriors of Rock
Cherry Bomb,The Runaways,Guitar Hero Warriors of Rock
Children of the Grave,Black Sabbath,Guitar Hero Warriors of Rock
Cryin',Aerosmith,Guitar Hero Warriors of Rock
"Dance, Dance",Fall Out Boy,Guitar Hero Warriors of Rock
Dancing Through Sunday,AFI,Guitar Hero Warriors of Rock
Deadfall,Snot,Guitar Hero Warriors of Rock
Fascination Street,The Cure,Guitar Hero Warriors of Rock
Feels Like the First Time,Foreigner,Guitar Hero Warriors of Rock
Fortunate Son,Creedence Clearwater Revival,Guitar Hero Warriors of Rock
Free Ride,Edgar Winter,Guitar Hero Warriors of Rock
Fury Of The Storm,DragonForce,Guitar Hero Warriors of Rock
Get Free,The Vines,Guitar Hero Warriors of Rock
Ghost,Slash ft Ian Astbury,Guitar Hero Warriors of Rock
Graduate,Third Eye Blind,Guitar Hero Warriors of Rock
Hard to See,Five Finger Death Punch,Guitar Hero Warriors of Rock
Holy Wars... The Punishment Due,Megadeth,Guitar Hero Warriors of Rock
How You Remind Me,Nickelback,Guitar Hero Warriors of Rock
I Know What I Am,Band of Skulls,Guitar Hero Warriors of Rock
I'm Broken,Pantera,Guitar Hero Warriors of Rock
I'm Not Okay (I Promise),My Chemical Romance,Guitar Hero Warriors of Rock
If You Want Peace... Prepare for War,Children of Bodom,Guitar Hero Warriors of Rock
Indians,Anthrax,Guitar Hero Warriors of Rock
Interstate Love Song,Stone Temple Pilots,Guitar Hero Warriors of Rock
It's Only Another Parsec...,RX Bandits,Guitar Hero Warriors of Rock
Jet City Woman,Queensryche,Guitar Hero Warriors of Rock
Lasso,Phoenix,Guitar Hero Warriors of Rock
Listen to Her Heart,Tom Petty & the Heartbreakers,Guitar Hero Warriors of Rock
Losing my Religion,R.E.M.,Guitar Hero Warriors of Rock
Love Gun,Kiss,Guitar Hero Warriors of Rock
Lunatic Fringe,Red Rider,Guitar Hero Warriors of Rock
Machinehead,Bush,Guitar Hero Warriors of Rock
Modern Day Cowboy,Tesla,Guitar Hero Warriors of Rock
Money for Nothing,Dire Straits,Guitar Hero Warriors of Rock
Motivation,Sum 41,Guitar Hero Warriors of Rock
Move It On Over (Live),George Thorogood & The Destroyers,Guitar Hero Warriors of Rock
Nemesis,Arch Enemy,Guitar Hero Warriors of Rock
No More Mr. Nice Guy,Alice Cooper,Guitar Hero Warriors of Rock
No Way Back,Foo Fighters,Guitar Hero Warriors of Rock
Paranoid (Live),Metallica & Ozzy Osbourne,Guitar Hero Warriors of Rock
Pour Some Sugar on Me (Live),Def Leppard,Guitar Hero Warriors of Rock
Psychosocial,Slipknot,Guitar Hero Warriors of Rock
Ravenous,Atreyu,Guitar Hero Warriors of Rock
Re-Ignition (Live),Bad Brains,Guitar Hero Warriors of Rock
Renegade,Styx,Guitar Hero Warriors of Rock
Rockin' In the Free World,Neil Young,Guitar Hero Warriors of Rock
Savior,Rise Against,Guitar Hero Warriors of Rock
Scumbag Blues,Them Crooked Vultures,Guitar Hero Warriors of Rock
Self Esteem,The Offspring,Guitar Hero Warriors of Rock
Setting Fire to Sleeping Giants,The Dillinger Escape Plan,Guitar Hero Warriors of Rock
Seven Nation Army,The White Stripes,Guitar Hero Warriors of Rock
Sharp Dressed Man (Live),ZZ Top,Guitar Hero Warriors of Rock
Slow Hands,Interpol,Guitar Hero Warriors of Rock
Speeding (Vault Version),Steve Vai,Guitar Hero Warriors of Rock
Stray Cat Blues,The Rolling Stones,Guitar Hero Warriors of Rock
Sudden Death,Megadeth,Guitar Hero Warriors of Rock
Suffocated,Orianthi,Guitar Hero Warriors of Rock
The Feel Good Drag,Anberlin,Guitar Hero Warriors of Rock
The Outsider,A Perfect Circle,Guitar Hero Warriors of Rock
Theme from Spiderman,The Ramones,Guitar Hero Warriors of Rock
There's No Secrets This Year,Silversun Pickups,Guitar Hero Warriors of Rock
This Day We Fight!,Megadeth,Guitar Hero Warriors of Rock
Tick Tick Boom,The Hives,Guitar Hero Warriors of Rock
Ties That Bind,Alter Bridge,Guitar Hero Warriors of Rock
Tones of Home,Blind Melon,Guitar Hero Warriors of Rock
Unskinny Bop,Poison,Guitar Hero Warriors of Rock
Uprising,Muse,Guitar Hero Warriors of Rock
Waidmanns Heil,Rammstein,Guitar Hero Warriors of Rock
We're Not Gonna Take It,Twisted Sister,Guitar Hero Warriors of Rock
What Do I Get?,Buzzcocks,Guitar Hero Warriors of Rock
Wish,Nine Inch Nails,Guitar Hero Warriors of Rock
Ace of Spades,Motorhead,Guitar Hero I
All of This,Shaimus,Guitar Hero I
Bark At The Moon,Ozzy Osbourne,Guitar Hero I
Behind The Mask,Anarchy Club,Guitar Hero I
The Breaking Wheel,Artillery,Guitar Hero I
Callout,The Acro-Brats,Guitar Hero I
Caveman Rejoice,The Bags,Guitar Hero I
Cheat on the Church,Graveyard BBQ,Guitar Hero I
Cochise,Audioslave,Guitar Hero I
Cowboys from Hell,Pantera,Guitar Hero I
Crossroads,Cream,Guitar Hero I
Decontrol,Drist,Guitar Hero I
"Eureka, I've Found Love",The Upper Crust,Guitar Hero I
Even Rats,The Slip,Guitar Hero I
Farewell Myth,Made In Mexico,Guitar Hero I
Fat Lip,Sum41,Guitar Hero I
Fire It Up,Black Label Society,Guitar Hero I
Fly On The Wall,Din,Guitar Hero I
Frankenstein,The Edgar Winter Group,Guitar Hero I
Get Ready 2 Rokk,Freezepop,Guitar Hero I
Godzilla,Blue Oyster Cult,Guitar Hero I
Graveyard Shift,Gurney,Guitar Hero I
Guitar Hero,Monkey Steals The Peach,Guitar Hero I
Heart Full of Black,Burning Brides,Guitar Hero I
Hey,Honest Bob and the Factory-to-Dealer Incentives,Guitar Hero I
Hey You,The Exies,Guitar Hero I
Higher Ground,Red Hot Chili Peppers,Guitar Hero I
I Love Rock & Roll,Joan Jett & the Blackhearts,Guitar Hero I
Infected,Bad Religion,Guitar Hero I
Iron Man,Black Sabbath,Guitar Hero I
I Wanna Be Sedated,The Ramones,Guitar Hero I
Killer Queen,Queen,Guitar Hero I
More Than A Feeling,Boston,Guitar Hero I
No One Knows,Queens of the Stone Age,Guitar Hero I
Sail Your Ship By,Count Zero,Guitar Hero I
Sharp Dressed Man,ZZ Top,Guitar Hero I
Smoke On The Water,Deep Purple,Guitar Hero I
Spanish Castle Magic,Jimi Hendrix,Guitar Hero I
Stellar,Incubus,Guitar Hero I
Story of My Love,The Model Sons,Guitar Hero I
Symphony Of Destruction,Megadeth,Guitar Hero I
Take It Off,The Donnas,Guitar Hero I
Take Me Out,Franz Ferdinand,Guitar Hero I
Texas Flood,Stevie Ray Vaughan,Guitar Hero I
Thunder Kiss 65,White Zombie,Guitar Hero I
Trippolette,Andrew Buch,Guitar Hero I
Unsung,Helmet,Guitar Hero I
You Got Another Thing Comin',Judas Priest,Guitar Hero I
Ziggy Stardust,David Bowie,Guitar Hero I
Arterial Black,Drist,Guitar Hero II
Arterial Black (Co-op),Drist,Guitar Hero II
Bad Reputation,Thin Lizzy,Guitar Hero II
Beast And the Harlot,Avenged Sevenfold,Guitar Hero II
Billion Dollar Babies,Alice Cooper,Guitar Hero II
Can't You Hear Me Knockin',The Rolling Stones,Guitar Hero II
Can't You Hear Me Knockin' (Co-op),The Rolling Stones,Guitar Hero II
Carry Me Home,The Living End,Guitar Hero II
Carry On Wayward Son,Kansas,Guitar Hero II
Cherry Pie,Warrant,Guitar Hero II
Collide,Anarchy Club,Guitar Hero II
Crazy on You,Heart,Guitar Hero II
Dead!,My Chemical Romance,Guitar Hero II
Dead! (Co-op),My Chemical Romance,Guitar Hero II
Drink Up,Ounce of Self,Guitar Hero II
Elephant Bones,That Handsome Devil,Guitar Hero II
Fall Of Pangea,Valient Thorr,Guitar Hero II
Free Bird,Lynyrd Skynyrd,Guitar Hero II
Free Bird (Co-op),Lynyrd Skynyrd,Guitar Hero II
Freya,The Sword,Guitar Hero II
FTK,Vagiant,Guitar Hero II
Gemini,Brian Kahanek,Guitar Hero II
Girlfriend,Matthew Sweet,Guitar Hero II
Girlfriend (Co-op),Matthew Sweet,Guitar Hero II
Hangar 18,Megadeth,Guitar Hero II
Heart-Shaped Box,Nirvana,Guitar Hero II
Hush,Deep Purple,Guitar Hero II
Institutionalized,Suicidal Tendencies,Guitar Hero II
Institutionalized (Co-op),Suicidal Tendencies,Guitar Hero II
Jessica,The Allman Brothers Band,Guitar Hero II
Jessica (Co-op),The Allman Brothers Band,Guitar Hero II
John the Fisherman,Primus,Guitar Hero II
Jordan,Buckethead,Guitar Hero II
Kicked To The Curb,Noble Rot,Guitar Hero II
Killing In The Name,Rage Against The Machine,Guitar Hero II
Push Push (Lady Lightning),Bang Camaro,Guitar Hero II
Laid To Rest,Lamb of God,Guitar Hero II
Laid To Rest (Co-op),Lamb of God,Guitar Hero II
Last Child,Aerosmith,Guitar Hero II
Last Child (Co-op),Aerosmith,Guitar Hero II
Laughtrack,The Acro-brats,Guitar Hero II
Laughtrack (Co-op),The Acro-brats,Guitar Hero II
Less Talk More Rokk,FreezePop,Guitar Hero II
Less Talk More Rokk (Co-op),FreezePop,Guitar Hero II
Life Wasted,Pearl Jam,Guitar Hero II
Madhouse,Anthrax,Guitar Hero II
Message In A Bottle,The Police,Guitar Hero II
Misirlou,Dick Dale,Guitar Hero II
Monkey Wrench,Foo Fighters,Guitar Hero II
Mother,Danzig,Guitar Hero II
Mother (Co-op),Danzig,Guitar Hero II
Mr. Fix It,The Amazing Crowns,Guitar Hero II
The New Black,Every Time I Die,Guitar Hero II
One For the Road,Breaking Wheel,Guitar Hero II
Parasite,The Neighborhoods,Guitar Hero II
Possum Kingdom,Toadies,Guitar Hero II
Psychobilly Freakout,Reverend Horton Heat,Guitar Hero II
Radium Eyes,Count Zero,Guitar Hero II
Raw Dog,The Last Vegas,Guitar Hero II
Red Lottery,Megasus,Guitar Hero II
Rock and Roll Hoochie Koo,Rick Derringer,Guitar Hero II
Rock This Town,Stray Cats,Guitar Hero II
Salvation,Rancid,Guitar Hero II
Search and Destroy,Iggy Pop and the Stooges,Guitar Hero II
Shout At The Devil,Motley Crue,Guitar Hero II
Six,All That Remains,Guitar Hero II
Soy Bomb,Honest Bob and the Factory-to-Dealer Incentives,Guitar Hero II
Soy Bomb (Co-op),Honest Bob and the Factory-to-Dealer Incentives,Guitar Hero II
Stop,Jane's Addiction,Guitar Hero II
Strutter,Kiss,Guitar Hero II
Strutter (Co-op),Kiss,Guitar Hero II
Surrender,Cheap Trick,Guitar Hero II
Sweet Child O' Mine,Guns n' Roses,Guitar Hero II
Tattooed Love Boys,The Pretenders,Guitar Hero II
The Light That Blinds,Shadows Fall,Guitar Hero II
Them Bones,Alice in Chains,Guitar Hero II
Thunderhorse,Dethklok,Guitar Hero II
Tonight I'm Gonna Rock You Tonight,Spinal Tap,Guitar Hero II
Tonight I'm Gonna Rock You Tonight (Co-op),Spinal Tap,Guitar Hero II
Trippin' on a Hole in a Paper Heart,Stone Temple Pilots,Guitar Hero II
Trogdor,Strong Bad,Guitar Hero II
The Trooper,Iron Maiden,Guitar Hero II
War Pigs,Black Sabbath,Guitar Hero II
Who Was In My Room Last Night?,The Butthole Surfers,Guitar Hero II
Who Was In My Room Last Night? (Co-op),The Butthole Surfers,Guitar Hero II
Woman,Wolfmother,Guitar Hero II
X-Stream,Voivod,Guitar Hero II
Yes We Can,Made in Mexico,Guitar Hero II
You Really Got Me,Van Halen,Guitar Hero II
YYZ,Rush,Guitar Hero II
Bury The Hatchet,Protest The Hero,Guitar Hero II DLC
Detonation,Trivium,Guitar Hero II DLC
Exile,Soilwork,Guitar Hero II DLC
Ex's and Oh's,Atreyu,Guitar Hero II DLC
Famous Last Words,My Chemical Romance,Guitar Hero II DLC
Memories of the Grove,Maylene and the Sons of Disaster,Guitar Hero II DLC
Sept,Pleymo,Guitar Hero II DLC
Sin Documentos,Los Rodriguez,Guitar Hero II DLC
State of Massachusetts,Dropkick Murphys,Guitar Hero II DLC
Teenagers,My Chemical Romance,Guitar Hero II DLC
This Is How I Disappear,My Chemical Romance,Guitar Hero II DLC
You Should Be Ashamed Of Myself,The Bled,Guitar Hero II DLC
3's & 7's,Queens Of The Stone Age,Guitar Hero 3 Legends Of Rock
Anarchy In The U.K.,The Sex Pistols,Guitar Hero 3 Legends Of Rock
Avalancha,Heroes Del Silencio,Guitar Hero 3 Legends Of Rock
Barracuda,Heart,Guitar Hero 3 Legends Of Rock
Before I Forget,Slipknot,Guitar Hero 3 Legends Of Rock
Black Magic Woman,Santana,Guitar Hero 3 Legends Of Rock
Black Sunshine,White Zombie,Guitar Hero 3 Legends Of Rock
Bulls On Parade,Rage Against The Machine,Guitar Hero 3 Legends Of Rock
Can't Be Saved,Senses Fail,Guitar Hero 3 Legends Of Rock
Cherub Rock,The Smashing Pumpkins,Guitar Hero 3 Legends Of Rock
Cities On Flame With Rock & Roll,Blue Oyster Cult,Guitar Hero 3 Legends Of Rock
Cliffs Of Dover,Eric Johnson,Guitar Hero 3 Legends Of Rock
Closer,Lacuna Coil,Guitar Hero 3 Legends Of Rock
Cult Of Personality,Living Colour,Guitar Hero 3 Legends Of Rock
Don't Hold Back,The Sleeping,Guitar Hero 3 Legends Of Rock
Down 'N Dirty,LA Slum Lords,Guitar Hero 3 Legends Of Rock
Even Flow,Pearl Jam,Guitar Hero 3 Legends Of Rock
F.C.P.R.E.M.I.X.,The Fall Of Troy,Guitar Hero 3 Legends Of Rock
Generation Rock,Revolverheld,Guitar Hero 3 Legends Of Rock
Go That Far,Bret Michaels Band,Guitar Hero 3 Legends Of Rock
Guitar Battle Vs. Lou,The Charlie Daniels Band,Guitar Hero 3 Legends Of Rock
Guitar Battle Vs. Slash,Slash,Guitar Hero 3 Legends Of Rock
Guitar Battle Vs. Tom Morello,Tom Morello,Guitar Hero 3 Legends Of Rock
Helicopter,Bloc Party,Guitar Hero 3 Legends Of Rock
Hier Kommt Alex,Die Toten Hosen,Guitar Hero 3 Legends Of Rock
Hit Me With Your Best Shot,Pat Benatar,Guitar Hero 3 Legends Of Rock
Holiday In Cambodia,Dead Kennedys,Guitar Hero 3 Legends Of Rock
I'm In The Band,The Hellacopters,Guitar Hero 3 Legends Of Rock
Impulse,An Endless Sporadic,Guitar Hero 3 Legends Of Rock
In Love,Scouts Of St. Sebastian,Guitar Hero 3 Legends Of Rock
In The Belly Of A Shark,Gallows,Guitar Hero 3 Legends Of Rock
Knights Of Cydonia,Muse,Guitar Hero 3 Legends Of Rock
Kool Thing,Sonic Youth,Guitar Hero 3 Legends Of Rock
La Grange,ZZ Top,Guitar Hero 3 Legends Of Rock
Lay Down,Priestess,Guitar Hero 3 Legends Of Rock
Mauvais Garcon,Naast,Guitar Hero 3 Legends Of Rock
Metal Heavy Lady,Lions,Guitar Hero 3 Legends Of Rock
Minus Celsius,Backyard Babies,Guitar Hero 3 Legends Of Rock
Miss Murder,AFI,Guitar Hero 3 Legends Of Rock
Mississippi Queen,Mountain,Guitar Hero 3 Legends Of Rock
Monsters,Matchbook Romance,Guitar Hero 3 Legends Of Rock
My Curse,Killswitch Engage,Guitar Hero 3 Legends Of Rock
My Name Is Jonas,Weezer,Guitar Hero 3 Legends Of Rock
Nothing for Me Here,Dope,Guitar Hero 3 Legends Of Rock
One,Metallica,Guitar Hero 3 Legends Of Rock
One (Co-op),Metallica,Guitar Hero 3 Legends Of Rock
Paint It Black,The Rolling Stones,Guitar Hero 3 Legends Of Rock
Paranoid,Black Sabbath,Guitar Hero 3 Legends Of Rock
Prayer Of The Refugee,Rise Against,Guitar Hero 3 Legends Of Rock
Pride And Joy,Stevie Ray Vaughan,Guitar Hero 3 Legends Of Rock
Radio Song,Superbus,Guitar Hero 3 Legends Of Rock
Raining Blood,Slayer,Guitar Hero 3 Legends Of Rock
Reptilia,The Strokes,Guitar Hero 3 Legends Of Rock
Rock And Roll All Nite,Kiss,Guitar Hero 3 Legends Of Rock
Rock You Like A Hurricane,Scorpions,Guitar Hero 3 Legends Of Rock
Ruby,Kaiser Chiefs,Guitar Hero 3 Legends Of Rock
Sabotage,Beastie Boys,Guitar Hero 3 Legends Of Rock
Same Old Song And Dance,Aerosmith,Guitar Hero 3 Legends Of Rock
School's Out,Alice Cooper,Guitar Hero 3 Legends Of Rock
She Bangs The Drums,The Stone Roses,Guitar Hero 3 Legends Of Rock
Slow Ride,Foghat,Guitar Hero 3 Legends Of Rock
Story Of My Life,Social Distortion,Guitar Hero 3 Legends Of Rock
Stricken,Disturbed,Guitar Hero 3 Legends Of Rock
Suck My Kiss,Red Hot Chili Peppers,Guitar Hero 3 Legends Of Rock
Sunshine Of Your Love,Cream,Guitar Hero 3 Legends Of Rock
Take This Life,In Flames,Guitar Hero 3 Legends Of Rock
Talk Dirty To Me,Poison,Guitar Hero 3 Legends Of Rock
The Metal,Tenacious D,Guitar Hero 3 Legends Of Rock
The Number Of The Beast,Iron Maiden,Guitar Hero 3 Legends Of Rock
The Seeker,The Who,Guitar Hero 3 Legends Of Rock
The Way It Ends,Prototype,Guitar Hero 3 Legends Of Rock
Through The Fire And Flames,Dragonforce,Guitar Hero 3 Legends Of Rock
Through The Fire And Flames (Co-op),Dragonforce,Guitar Hero 3 Legends Of Rock
Welcome To The Jungle,Guns N Roses,Guitar Hero 3 Legends Of Rock
When You Were Young,The Killers,Guitar Hero 3 Legends Of Rock
2 Minutes To Midnight,Iron Maiden,Guitar Hero 5
20th Century Boy,T.Rex,Guitar Hero 5
21st Century Schizoid Man,King Crimson,Guitar Hero 5
A-Punk,Vampire Weekend,Guitar Hero 5
All Along The Watchtower,Bob Dylan,Guitar Hero 5
All The Pretty Faces,The Killers,Guitar Hero 5
American Girl,Tom Petty & The Heartbreakers,Guitar Hero 5
Back Round,Wolfmother,Guitar Hero 5
Bleed American,Jimmy Eat World,Guitar Hero 5
Blue Day,Darker My Love,Guitar Hero 5
Blue Orchid,The White Stripes,Guitar Hero 5
Brianstorm,Arctic Monkeys,Guitar Hero 5
Bring The Noise 20XX,Public Enemy Featuring Zakk Wylde,Guitar Hero 5
Bullet With Butterfly Wings,The Smashing Pumpkins,Guitar Hero 5
"Cigarettes, Wedding Bands",Band Of Horses,Guitar Hero 5
Comedown,Bush,Guitar Hero 5
Dancing With Myself,Billy Idol,Guitar Hero 5
Deadbolt,Thrice,Guitar Hero 5
Demon(s),Darkest Hour,Guitar Hero 5
Disconnected,Face To Face,Guitar Hero 5
Do You Feel Like We Do (Live),Peter Frampton,Guitar Hero 5
"Done With Everything, Die For Nothing",Children Of Bodom,Guitar Hero 5
Du Hast,Rammstein,Guitar Hero 5
Ex-Girlfriend,No Doubt,Guitar Hero 5
Fame,David Bowie,Guitar Hero 5
Feel Good Inc.,Gorillaz,Guitar Hero 5
Gamma Ray,Beck,Guitar Hero 5
Gratitude,Beastie Boys,Guitar Hero 5
Hungry Like The Wolf,Duran Duran,Guitar Hero 5
Hurts So Good,John Mellencamp,Guitar Hero 5
In My Place,Coldplay,Guitar Hero 5
In The Meantime,Spacehog,Guitar Hero 5
Incinerate,Sonic Youth,Guitar Hero 5
Jailbreak,Thin Lizzy,Guitar Hero 5
Judith,A Perfect Circle,Guitar Hero 5
Kryptonite,3 Doors Down,Guitar Hero 5
L.A.,Elliott Smith,Guitar Hero 5
Lithium (Live),Nirvana,Guitar Hero 5
Lonely Is The Night,Billy Squier,Guitar Hero 5
Looks That Kill,Motley Crue,Guitar Hero 5
Lust For Life (Live),Iggy Pop,Guitar Hero 5
"Maiden, Mother & Crone",The Sword,Guitar Hero 5
Make It Wit Chu,Queens Of The Stone Age,Guitar Hero 5
Medicate,AFI,Guitar Hero 5
Mirror People,Love & Rockets,Guitar Hero 5
Nearly Lost You,Screaming Trees,Guitar Hero 5
Never Miss A Beat,Kaiser Chiefs,Guitar Hero 5
No One To Depend On (Live),Santana,Guitar Hero 5
One Big Holiday,My Morning Jacket,Guitar Hero 5
Only Happy When It Rains,Garbage,Guitar Hero 5
Play That Funky Music,Wild Cherry,Guitar Hero 5
Plug In Baby,Muse,Guitar Hero 5
Ring Of Fire,Johnny Cash,Guitar Hero 5
Runnin' Down A Dream,Tom Petty,Guitar Hero 5
Saturday Night's Alright (For Fighting),Elton John,Guitar Hero 5
Scatterbrain (Live),Jeff Beck,Guitar Hero 5
Send A Little Love Token,The Duke Spirit,Guitar Hero 5
Seven,Sunny Day Real Estate,Guitar Hero 5
Sex On Fire,Kings Of Leon,Guitar Hero 5
Shout It Out Loud,Kiss,Guitar Hero 5
Six Days A Week,The Bronx,Guitar Hero 5
Smells Like Teen Spirit,Nirvana,Guitar Hero 5
Sneak Out,Rose Hill Drive,Guitar Hero 5
So Lonely,The Police,Guitar Hero 5
Song 2,Blur,Guitar Hero 5
Sowing Season (Yeah),Brand New,Guitar Hero 5
Steady As She Goes,The Raconteurs,Guitar Hero 5
Streamline Woman,Gov't Mule,Guitar Hero 5
Sultans Of Swing,Dire Straits,Guitar Hero 5
Superstition,Stevie Wonder,Guitar Hero 5
Sweating Bullets,Megadeth,Guitar Hero 5
Sympathy For The Devil,The Rolling Stones,Guitar Hero 5
The Rock Show,Blink 182,Guitar Hero 5
The Spirit Of Radio (Live),Rush,Guitar Hero 5
They Say,Scars On Broadway,Guitar Hero 5
Under Pressure,Queen & David Bowie,Guitar Hero 5
Wannabe In L.A.,Eagles Of Death Metal,Guitar Hero 5
We're An American Band,Grand Funk Railroad,Guitar Hero 5
What I Got,Sublime,Guitar Hero 5
Why Bother?,Weezer,Guitar Hero 5
Wolf Like Me,TV On The Radio,Guitar Hero 5
Woman From Tokyo ('99 Remix),Deep Purple,Guitar Hero 5
You & Me,Attack! Attack!,Guitar Hero 5
You Give Love A Bad Name,Bon Jovi,Guitar Hero 5
Younk Funk,The Derek Trucks Band,Guitar Hero 5
18 And Life,Skid Row,Guitar Hero Encore: Rocks The 80's
Ain't Nothin But A Good Time,Poison,Guitar Hero Encore: Rocks The 80's
Ballroom Blitz,Krokus,Guitar Hero Encore: Rocks The 80's
Balls to the Wall,Accept,Guitar Hero Encore: Rocks The 80's
(Bang Your Head) Metal Health,Quiet Riot,Guitar Hero Encore: Rocks The 80's
(Bang Your Head) Metal Health (Solo),Quiet Riot,Guitar Hero Encore: Rocks The 80's
Bathroom Wall,Faster Pussycat,Guitar Hero Encore: Rocks The 80's
"Because, It's Midnite",Limozeen,Guitar Hero Encore: Rocks The 80's
Caught In A Mosh,Anthrax,Guitar Hero Encore: Rocks The 80's
Electric Eye,Judas Priest,Guitar Hero Encore: Rocks The 80's
Heat Of The Moment,Asia,Guitar Hero Encore: Rocks The 80's
Hold On Loosely,.38 Special,Guitar Hero Encore: Rocks The 80's
Holy Diver,Dio,Guitar Hero Encore: Rocks The 80's
I Ran (So Far Away),Flock of Seagulls,Guitar Hero Encore: Rocks The 80's
I Wanna Rock,Twisted Sister,Guitar Hero Encore: Rocks The 80's
I Want Candy,Bow Wow Wow,Guitar Hero Encore: Rocks The 80's
Lonely Is The Night,Billy Squier,Guitar Hero Encore: Rocks The 80's
Los Angeles,X,Guitar Hero Encore: Rocks The 80's
No One Like You,Scorpions,Guitar Hero Encore: Rocks The 80's
Only A Lad,Oingo Boingo,Guitar Hero Encore: Rocks The 80's
Play With Me,Extreme,Guitar Hero Encore: Rocks The 80's
Police Truck,Dead Kennedys,Guitar Hero Encore: Rocks The 80's
Radar Love,White Lion,Guitar Hero Encore: Rocks The 80's
Round And Round,Ratt,Guitar Hero Encore: Rocks The 80's
Seventeen,Winger,Guitar Hero Encore: Rocks The 80's
Shakin',Eddie Money,Guitar Hero Encore: Rocks The 80's
Synchronicity II,The Police,Guitar Hero Encore: Rocks The 80's
The Warrior,Scandal,Guitar Hero Encore: Rocks The 80's
Turning Japanese,The Vapors,Guitar Hero Encore: Rocks The 80's
We Got the Beat,The Go Go's,Guitar Hero Encore: Rocks The 80's
What I Like About You,The Romantics,Guitar Hero Encore: Rocks The 80's
Wrathchild,Iron Maiden,Guitar Hero Encore: Rocks The 80's
Ain't Talkin' 'Bout Love,Van Halen,Guitar Hero Van Halen
And The Cradle Will Rock...,Van Halen,Guitar Hero Van Halen
Atomic Punk,Van Halen,Guitar Hero Van Halen
Beautiful Girls,Van Halen,Guitar Hero Van Halen
Best Of You,Foo Fighters,Guitar Hero Van Halen
Cathedral,Van Halen,Guitar Hero Van Halen
Come To Life,Alter Bridge,Guitar Hero Van Halen
Dance The Night Away,Van Halen,Guitar Hero Van Halen
Dope Nose,Weezer,Guitar Hero Van Halen
Double Vision,Foreigner,Guitar Hero Van Halen
The End Of Heartache,Killswitch Engage,Guitar Hero Van Halen
Eruption,Van Halen,Guitar Hero Van Halen
Everybody Wants Some!!,Van Halen,Guitar Hero Van Halen
Feel Your Love Tonight,Van Halen,Guitar Hero Van Halen
First Date,Blink-182,Guitar Hero Van Halen
Hang 'Em High,Van Halen,Guitar Hero Van Halen
Hear About It Later,Van Halen,Guitar Hero Van Halen
Hot For Teacher,Van Halen,Guitar Hero Van Halen
Ice Cream Man,Van Halen,Guitar Hero Van Halen
I'm The One,Van Halen,Guitar Hero Van Halen
I Want It All,Queen,Guitar Hero Van Halen
Jamie's Cryin',Van Halen,Guitar Hero Van Halen
Jump,Van Halen,Guitar Hero Van Halen
Little Guitars,Van Halen,Guitar Hero Van Halen
Loss Of Control,Van Halen,Guitar Hero Van Halen
Master Exploder,Tenacious D,Guitar Hero Van Halen
Mean Street,Van Halen,Guitar Hero Van Halen
Pain,Jimmy Eat World,Guitar Hero Van Halen
Painkiller,Judas Priest,Guitar Hero Van Halen
Panama,Van Halen,Guitar Hero Van Halen
Pretty Fly (For A White Guy),The Offspring,Guitar Hero Van Halen
Intruder/(Oh) Pretty Woman,Van Halen,Guitar Hero Van Halen
Rock And Roll Is Dead,Lenny Kravitz,Guitar Hero Van Halen
Romeo Delight,Van Halen,Guitar Hero Van Halen
Runnin' With The Devil,Van Halen,Guitar Hero Van Halen
Safe European Home,The Clash,Guitar Hero Van Halen
Semi-Charmed Life,Third Eye Blind,Guitar Hero Van Halen
"Sick, Sick, Sick",Queens of the Stone Age,Guitar Hero Van Halen
Somebody Get Me A Doctor,Van Halen,Guitar Hero Van Halen
So This Is Love?,Van Halen,Guitar Hero Van Halen
Space Truckin',Deep Purple,Guitar Hero Van Halen
Spanish Fly,Van Halen,Guitar Hero Van Halen
Stacy's Mom,Fountains of Wayne,Guitar Hero Van Halen
The Takedown,Yellowcard,Guitar Hero Van Halen
Unchained,Van Halen,Guitar Hero Van Halen
White Wedding (Part 1),Billy Idol,Guitar Hero Van Halen
You Really Got Me,Van Halen,Guitar Hero Van Halen
Attack,30 Seconds to Mars,Rock Band DLC
Runnin' Wild,Airbourne,Rock Band DLC
Rock Rebellion,Bang Camaro,Rock Band DLC
N.I.B.,Black Sabbath (WaveGroup),Rock Band DLC
Sweet Leaf,Black Sabbath (WaveGroup),Rock Band DLC
War Pigs,Black Sabbath (WaveGroup),Rock Band DLC
Shockwave,Black Tide,Rock Band DLC
Hanging on the Telephone,Blondie,Rock Band DLC
Beetlebum,Blur (WaveGroup),Rock Band DLC
Hitch A Ride,Boston,Rock Band DLC
Smokin',Boston,Rock Band DLC
Something About You,Boston,Rock Band DLC
Rescue Me,Buckcherry,Rock Band DLC
Ever Fallen in Love,Buzzcocks (WaveGroup),Rock Band DLC
Ten Speed (Of God's Blood & Burial),Coheed and Cambria (WaveGroup),Rock Band DLC
Shake,Count Zero,Rock Band DLC
Fortunate Son,Creedence Clearwater Revival (WaveGroup),Rock Band DLC
Rock 'n' Roll Dream,Crooked X,Rock Band DLC
Heroes,David Bowie,Rock Band DLC
Queen Bitch,David Bowie (WaveGroup),Rock Band DLC
Through Being Cool,Devo,Rock Band DLC
Hier Kommt Alex,Die Toten Hosen,Rock Band DLC
Inside the Fire,Disturbed,Rock Band DLC
Perfect Insanity,Disturbed,Rock Band DLC
Girls on Film,Duran Duran,Rock Band DLC
Thrasher,Evile,Rock Band DLC
Juke Box Hero,Foreigner (WaveGroup),Rock Band DLC
Super Spr??de,Freezepop,Rock Band DLC
Still Alive,GLaDOS,Rock Band DLC
Casey Jones,The Grateful Dead,Rock Band DLC
China Cat Sunflower,The Grateful Dead,Rock Band DLC
Franklin's Tower,The Grateful Dead,Rock Band DLC
I Need A Miracle,The Grateful Dead,Rock Band DLC
Sugar Magnolia,The Grateful Dead,Rock Band DLC
Countdown To Insanity,H-BlockX,Rock Band DLC
The Number of the Beast,Iron Maiden (WaveGroup),Rock Band DLC
Cheeseburger in Paradise,Jimmy Buffett,Rock Band DLC
Margaritaville,Jimmy Buffett,Rock Band DLC
Volcano,Jimmy Buffett,Rock Band DLC
Skullcrusher Mountain,Jonathan Coulton,Rock Band DLC
(Take These) Chains,Judas Priest,Rock Band DLC
Bloodstone,Judas Priest,Rock Band DLC
Devil's Child,Judas Priest,Rock Band DLC
Fever,Judas Priest,Rock Band DLC
Pain And Pleasure,Judas Priest,Rock Band DLC
Riding on the Wind,Judas Priest,Rock Band DLC
Screaming For Vengeance,Judas Priest,Rock Band DLC
The Hellion/Electric Eye,Judas Priest,Rock Band DLC
Perfekte Welle,Juli,Rock Band DLC
My Curse,Killswitch Engage,Rock Band DLC
Manu Chao,Les Wampas,Rock Band DLC
All Over Again,Locksley,Rock Band DLC
Don't Make Me Wait,Locksley,Rock Band DLC
She Does,Locksley,Rock Band DLC
Girls Who Play Guitars,Maximo Park,Rock Band DLC
Livin' at the Corner of Dude & Catastrophe,MC Frontalot feat. Brad Sucks,Rock Band DLC
Hysteria,Muse,Rock Band DLC
Down at the Whisky,Motley Crue,Rock Band DLC
Face Down in the Dirt,Motley Crue,Rock Band DLC
Burn,Nine Inch Nails,Rock Band DLC
Capital G,Nine Inch Nails,Rock Band DLC
Last,Nine Inch Nails,Rock Band DLC
The Collector,Nine Inch Nails,Rock Band DLC
Don't Look Back in Anger,Oasis,Rock Band DLC
Rock 'N' Roll Star,Oasis,Rock Band DLC
Wonderwall,Oasis,Rock Band DLC
Crackity Jones,Pixies,Rock Band DLC
Dead,Pixies,Rock Band DLC
Debaser,Pixies,Rock Band DLC
Gouge Away,Pixies,Rock Band DLC
Here Comes Your Man,Pixies,Rock Band DLC
Hey,Pixies,Rock Band DLC
I Bleed,Pixies,Rock Band DLC
La La Love You,Pixies,Rock Band DLC
Mr. Grieves,Pixies,Rock Band DLC
No. 13 Baby,Pixies,Rock Band DLC
Silver,Pixies,Rock Band DLC
Tame,Pixies,Rock Band DLC
There Goes My Gun,Pixies,Rock Band DLC
3's & 7's,Queens of the Stone Age,Rock Band DLC
"Sick, Sick, Sick",Queens of the Stone Age,Rock Band DLC
My Iron Lung,Radiohead,Rock Band DLC
Rockaway Beach,Ramones,Rock Band DLC
Tell Me Baby,Red Hot Chili Peppers,Rock Band DLC
Limelight,Rush (WaveGroup),Rock Band DLC
Working Man,Rush (WaveGroup),Rock Band DLC
Working Man (Vault Edition),Rush,Rock Band DLC
They Say,Scars on Broadway,Rock Band DLC
Beethoven's Cunt,Serj Tankian,Rock Band DLC
Devour,Shinedown,Rock Band DLC
Junkies for Fame,Shinedown,Rock Band DLC
Life is Beautiful,Sixx:A.M.,Rock Band DLC
Kool Thing,Sonic Youth,Rock Band DLC
This Is It,Staind,Rock Band DLC
Interstate Love Song,Stone Temple Pilots,Rock Band DLC
Sex Type Thing,Stone Temple Pilots,Rock Band DLC
Action,Sweet (WaveGroup),Rock Band DLC
Toxicity,System of a Down,Rock Band DLC
Bang a Gong,T. Rex (WaveGroup),Rock Band DLC
Electric Crown,Testament,Rock Band DLC
Dirty Little Secret,The All-American Rejects,Rock Band DLC
Roam,The B-52's,Rock Band DLC
Hard to Handle,Black Crowes (WaveGroup),Rock Band DLC
All Mixed Up,The Cars,Rock Band DLC
Bye Bye Love,The Cars,Rock Band DLC
Don't Cha Stop,The Cars,Rock Band DLC
Good Times Roll,The Cars,Rock Band DLC
I'm in Touch with Your World,The Cars,Rock Band DLC
Moving in Stereo,The Cars,Rock Band DLC
My Best Friend's Girl,The Cars,Rock Band DLC
You're All I've Got Tonight,The Cars,Rock Band DLC
Complete Control,The Clash,Rock Band DLC
I Fought the Law,The Clash,Rock Band DLC
Train in Vain (Stand by Me),The Clash,Rock Band DLC
Shhh....,The Darkest of the Hillside Thickets,Rock Band DLC
Get Your Rock On,The Janitors,Rock Band DLC
My Sharona,The Knack  (WaveGroup),Rock Band DLC
Moving to Seattle,The Material,Rock Band DLC
Last Train to Clarksville,The Monkees (WaveGroup),Rock Band DLC
Red Tandy,The Mother Hips,Rock Band DLC
Time-Sick Son of a Grizzly Bear,The Mother Hips,Rock Band DLC
A Clean Shot,The Myriad,Rock Band DLC
Hammerhead,The Offspring,Rock Band DLC
Roxanne,The Police,Rock Band DLC
Brass in Pocket,The Pretenders (WaveGroup),Rock Band DLC
Cherry Bomb,The Runaways (WaveGroup),Rock Band DLC
Song With a Mission,The Sounds (WaveGroup),Rock Band DLC
Amazing Journey,The Who,Rock Band DLC
Eminence Front,The Who,Rock Band DLC
Going Mobile,The Who,Rock Band DLC
Leaving Here,The Who,Rock Band DLC
My Generation (Live at Leeds),The Who,Rock Band DLC
Real Good Looking Boy,The Who,Rock Band DLC
Sea and Sand,The Who,Rock Band DLC
Summertime Blues (Live at Leeds),The Who,Rock Band DLC
Who Are You,The Who,Rock Band DLC
Young Man Blues (Live at Leeds),The Who,Rock Band DLC
Bullets & Guns,Them Terribles,Rock Band DLC
Yomp,Thenewno2,Rock Band DLC
Monsoon,Tokio Hotel,Rock Band DLC
Who's Going Home with You Tonight?,Trapt,Rock Band DLC
Promised Land,Vesuvius,Rock Band DLC
Dreamin',Weezer,Rock Band DLC
The Greatest Man That Ever Lived,Weezer,Rock Band DLC
Troublemaker,Weezer,Rock Band DLC
Date with the Night,Yeah Yeah Yeahs,Rock Band DLC
Train Kept A Rollin',Aerosmith (WaveGroup),Rock Band
Train Kept A Rollin' (Vocal Version),Aerosmith (WaveGroup),Rock Band
Blood Doll,Anarchy Club,Rock Band
Pleasure (Pleasure),Bang Camaro,Rock Band
Sabotage,Beastie Boys,Rock Band
Paranoid,Black Sabbath (WaveGroup),Rock Band
(Don't Fear) The Reaper,Blue Oyster Cult,Rock Band
Wanted Dead or Alive,Bon Jovi,Rock Band
Foreplay / Long Time,Boston,Rock Band
Long Time (Vocal Version),Boston,Rock Band
Welcome Home,Coheed and Cambria,Rock Band
Nightmare,Crooked X,Rock Band
Suffragette City,David Bowie,Rock Band
Can't Let Go,Death of the Cool,Rock Band
Highway Star,Deep Purple,Rock Band
Epic,Faith No More,Rock Band
Dead on Arrival,Fall Out Boy,Rock Band
I'm So Sick,Flyleaf,Rock Band
Learn to Fly,Foo Fighters,Rock Band
Brainpower,Freezepop,Rock Band
I Think I'm Paranoid,Garbage,Rock Band
Celebrity Skin,Hole,Rock Band
I Get By,Honest Bob and the Factory-to-Dealer Incentives,Rock Band
Run to the Hills,Iron Maiden (WaveGroup),Rock Band
Are You Gonna Be My Girl,Jet,Rock Band
Detroit Rock City,KISS,Rock Band
Enter Sandman,Metallica,Rock Band
Flirtin' with Disaster,Molly Hatchet,Rock Band
Mississippi Queen,Mountain (WaveGroup),Rock Band
The Hand That Feeds,Nine Inch Nails,Rock Band
In Bloom,Nirvana,Rock Band
Here It Goes Again,OK Go,Rock Band
Wave of Mutilation,Pixies,Rock Band
Go with the Flow,Queens of the Stone Age,Rock Band
Orange Crush,R.E.M.,Rock Band
Creep,Radiohead,Rock Band
Blitzkrieg Bop,Ramones,Rock Band
Dani California,Red Hot Chili Peppers,Rock Band
Tom Sawyer,Rush (WaveGroup),Rock Band
Cherub Rock,Smashing Pumpkins,Rock Band
Black Hole Sun,Soundgarden,Rock Band
Vasoline,Stone Temple Pilots,Rock Band
Ballroom Blitz,Sweet (WaveGroup),Rock Band
"Day Late, Dollar Short",The Acro-brats,Rock Band
Should I Stay or Should I Go,The Clash,Rock Band
Main Offender,The Hives,Rock Band
When You Were Young,The Killers,Rock Band
29 Fingers,The Konks,Rock Band
Time We Had,The Mother Hips,Rock Band
Electric Version,The New Pornographers,Rock Band
Green Grass (Vocal Version),The Outlaws (WaveGroup),Rock Band
Green Grass and High Tides,The Outlaws (WaveGroup),Rock Band
Next to You,The Police,Rock Band
Gimme Shelter,The Rolling Stones,Rock Band
Reptilia,The Strokes,Rock Band
Baba O'Riley,The Who,Rock Band
Won't Get Fooled Again,The Who,Rock Band
Won't Get Fooled Again (Vocal Version),The Who,Rock Band
Timmy & the Lords of the Underworld,Timmy & the Lords of the Underworld,Rock Band
Outside,Tribe,Rock Band
Seven,VAGIANT,Rock Band
Say It Ain't So,Weezer,Rock Band
Maps,Yeah Yeah Yeahs,Rock Band
It Hurts,Angels & Airwaves,Rock Band Track Pack Volume 2
Afterlife,Avenged Sevenfold,Rock Band Track Pack Volume 2
Call Me,Blondie,Rock Band Track Pack Volume 2
Girl U Want,Devo,Rock Band Track Pack Volume 2
Indestructible,Disturbed,Rock Band Track Pack Volume 2
Rio,Duran Duran,Rock Band Track Pack Volume 2
"This Ain't A Scene, It's An Arms Race",Fall Out Boy,Rock Band Track Pack Volume 2
Why Do You Love Me?,Garbage,Rock Band Track Pack Volume 2
You've Got Another Thing Comin',Judas Priest,Rock Band Track Pack Volume 2
Simple Man,Lynyrd Skynyrd,Rock Band Track Pack Volume 2
Saints of Los Angeles,Motley Crue,Rock Band Track Pack Volume 2
The Perfect Drug,Nine Inch Nails,Rock Band Track Pack Volume 2
Time Is Running Out,Papa Roach,Rock Band Track Pack Volume 2
Monkey Gone to Heaven,Pixies,Rock Band Track Pack Volume 2
Snow ((Hey Oh)),Red Hot Chili Peppers,Rock Band Track Pack Volume 2
Zero,Smashing Pumpkins,Rock Band Track Pack Volume 2
Just What I Needed,The Cars,Rock Band Track Pack Volume 2
Message In A Bottle,The Police,Rock Band Track Pack Volume 2
El Scorcho,Weezer,Rock Band Track Pack Volume 2
Back in Black (Live),AC/DC,Rock Band AC/DC
Dirty Deeds Done Dirt Cheap (Live),AC/DC,Rock Band AC/DC
Fire Your Guns (Live),AC/DC,Rock Band AC/DC
For Those About to Rock (We Salute You) (Live),AC/DC,Rock Band AC/DC
Heatseeker (Live),AC/DC,Rock Band AC/DC
Hell Ain't a Bad Place to Be (Live),AC/DC,Rock Band AC/DC
Hells Bells (Live),AC/DC,Rock Band AC/DC
High Voltage (Live),AC/DC,Rock Band AC/DC
Highway To Hell (Live),AC/DC,Rock Band AC/DC
Jailbreak (Live),AC/DC,Rock Band AC/DC
Let There Be Rock (Live),AC/DC,Rock Band AC/DC
Moneytalks (Live),AC/DC,Rock Band AC/DC
Shoot to Thrill (Live),AC/DC,Rock Band AC/DC
T.N.T. (Live),AC/DC,Rock Band AC/DC
The Jack (Live),AC/DC,Rock Band AC/DC
Thunderstruck (Live),AC/DC,Rock Band AC/DC
Whole Lotta Rosie (Live),AC/DC,Rock Band AC/DC
You Shook Me All Night Long (Live),AC/DC,Rock Band AC/DC
Kings and Queens,30 Seconds to Mars,Rock Band 2 DLC
Ironic,Alanis Morissette,Rock Band 2 DLC
Smooth Criminal,Alien Ant Farm,Rock Band 2 DLC
Weightless,All Time Low,Rock Band 2 DLC
Fascination,Alphabeat,Rock Band 2 DLC
Feel Good Drag,Anberlin,Rock Band 2 DLC
Weapon of Choice,Black Rebel Motorcycle Club,Rock Band 2 DLC
No Rain,Blind Melon,Rock Band 2 DLC
Adam's Song,Blink-182,Rock Band 2 DLC
Dammit,Blink-182,Rock Band 2 DLC
Down,Blink-182,Rock Band 2 DLC
Feeling This,Blink-182,Rock Band 2 DLC
First Date,Blink-182,Rock Band 2 DLC
I Miss You,Blink-182,Rock Band 2 DLC
The Rock Show,Blink-182,Rock Band 2 DLC
What's My Age Again?,Blink-182,Rock Band 2 DLC
Rapture,Blondie,Rock Band 2 DLC
Godzilla,Blue Oyster Cult,Rock Band 2 DLC
Transmaniacon MC,Blue Oyster Cult,Rock Band 2 DLC
There's No Other Way,Blur,Rock Band 2 DLC
No Woman No Cry,Bob Marley and the Wailers,Rock Band 2 DLC
One Love/People Get Ready,Bob Marley and the Wailers,Rock Band 2 DLC
Three Little Birds,Bob Marley and the Wailers,Rock Band 2 DLC
I Will Not Bow,Breaking Benjamin,Rock Band 2 DLC
So Cold,Breaking Benjamin,Rock Band 2 DLC
The Diary of Jane,Breaking Benjamin,Rock Band 2 DLC
Waking the Demon,Bullet for My Valentine,Rock Band 2 DLC
Thunderbirds Are Go!,Busted,Rock Band 2 DLC
Hammer Smashed Face,Cannibal Corpse,Rock Band 2 DLC
Hands Down,Dashboard Confessional,Rock Band 2 DLC
Shining Star,"Earth, Wind & Fire",Rock Band 2 DLC
Gay Bar,Electric Six,Rock Band 2 DLC
Lady Gaga's 'Poker Face' (South Park Version),Eric Cartman,Rock Band 2 DLC
I Don't Care,Fall Out Boy,Rock Band 2 DLC
Tutto e Possibile,Finley,Rock Band 2 DLC
Don't Stop,Fleetwood Mac,Rock Band 2 DLC
World Turning,Fleetwood Mac,Rock Band 2 DLC
All My Life,Foo Fighters,Rock Band 2 DLC
Best of You,Foo Fighters,Rock Band 2 DLC
DOA,Foo Fighters,Rock Band 2 DLC
Doll,Foo Fighters,Rock Band 2 DLC
Enough Space,Foo Fighters,Rock Band 2 DLC
February Stars,Foo Fighters,Rock Band 2 DLC
"Hey, Johnny Park!",Foo Fighters,Rock Band 2 DLC
I'll Stick Around,Foo Fighters,Rock Band 2 DLC
Lonely as You,Foo Fighters,Rock Band 2 DLC
Monkey Wrench,Foo Fighters,Rock Band 2 DLC
My Hero,Foo Fighters,Rock Band 2 DLC
My Poor Brain,Foo Fighters,Rock Band 2 DLC
New Way Home,Foo Fighters,Rock Band 2 DLC
See You,Foo Fighters,Rock Band 2 DLC
The Pretender,Foo Fighters,Rock Band 2 DLC
This Is A Call,Foo Fighters,Rock Band 2 DLC
Times Like These,Foo Fighters,Rock Band 2 DLC
Up in Arms,Foo Fighters,Rock Band 2 DLC
Walking After You,Foo Fighters,Rock Band 2 DLC
Wheels,Foo Fighters,Rock Band 2 DLC
Wind Up,Foo Fighters,Rock Band 2 DLC
Word Forward,Foo Fighters,Rock Band 2 DLC
"Blue Morning, Blue Day",Foreigner,Rock Band 2 DLC
Feels Like the First Time,Foreigner,Rock Band 2 DLC
Headknocker,Foreigner,Rock Band 2 DLC
Do You Want To,Franz Ferdinand,Rock Band 2 DLC
Lucid Dreams,Franz Ferdinand,Rock Band 2 DLC
Take Me Out,Franz Ferdinand,Rock Band 2 DLC
Clint Eastwood,Gorillaz,Rock Band 2 DLC
Feel Good Inc.,Gorillaz,Rock Band 2 DLC
Re-Hash,Gorillaz,Rock Band 2 DLC
Cream and Bastards Rise,Harvey Danger,Rock Band 2 DLC
Run to the Hills (Original Version),Iron Maiden,Rock Band 2 DLC
The Number of the Beast (Original Version),Iron Maiden,Rock Band 2 DLC
The Trooper,Iron Maiden,Rock Band 2 DLC
Wasted Years,Iron Maiden,Rock Band 2 DLC
Don't Stop Believing,Journey,Rock Band 2 DLC
I Predict a Riot,Kaiser Chiefs,Rock Band 2 DLC
Icarus - Borne on Wings of Steel (Live),Kansas,Rock Band 2 DLC
Point of Know Return (Live),Kansas,Rock Band 2 DLC
Club Foot,Kasabian,Rock Band 2 DLC
Shoot the Runner,Kasabian,Rock Band 2 DLC
Days Go By,Keith Urban,Rock Band 2 DLC
Miss Independent,Kelly Clarkson,Rock Band 2 DLC
Crawl,Kings of Leon,Rock Band 2 DLC
Molly's Chambers,Kings of Leon,Rock Band 2 DLC
Sex on Fire,Kings of Leon,Rock Band 2 DLC
"100,000 Years (Live)",KISS,Rock Band 2 DLC
Deuce (Live),KISS,Rock Band 2 DLC
Parasite (Live),KISS,Rock Band 2 DLC
Hey Dude,Kula Shaker,Rock Band 2 DLC
Knight on the Town,Kula Shaker,Rock Band 2 DLC
The Feeling,Kutless,Rock Band 2 DLC
Bulletproof,La Roux,Rock Band 2 DLC
Bad Romance,Lady Gaga,Rock Band 2 DLC
Just Dance,Lady Gaga,Rock Band 2 DLC
Monster,Lady Gaga,Rock Band 2 DLC
Poker Face,Lady Gaga,Rock Band 2 DLC
Disposable Teens,Marilyn Manson,Rock Band 2 DLC
The Dope Show,Marilyn Manson,Rock Band 2 DLC
Little of Your Time,Maroon 5,Rock Band 2 DLC
Makes Me Wonder,Maroon 5,Rock Band 2 DLC
Wake Up Call,Maroon 5,Rock Band 2 DLC
I'm Not Okay (I Promise),My Chemical Romance,Rock Band 2 DLC
Welcome to the Black Parade,My Chemical Romance,Rock Band 2 DLC
Sticky Sweet,Motley Crue,Rock Band 2 DLC
Time for Change,Motley Crue,Rock Band 2 DLC
Burn It to the Ground,Nickelback,Rock Band 2 DLC
Figured You Out,Nickelback,Rock Band 2 DLC
Never Again,Nickelback,Rock Band 2 DLC
Photograph,Nickelback,Rock Band 2 DLC
Rockstar,Nickelback,Rock Band 2 DLC
This Afternoon,Nickelback,Rock Band 2 DLC
Blew,Nirvana,Rock Band 2 DLC
Breed,Nirvana,Rock Band 2 DLC
Come As You Are (Live from MTV Unplugged),Nirvana,Rock Band 2 DLC
Lithium (Live at Reading),Nirvana,Rock Band 2 DLC
Lounge Act,Nirvana,Rock Band 2 DLC
On A Plain,Nirvana,Rock Band 2 DLC
Polly,Nirvana,Rock Band 2 DLC
School,Nirvana,Rock Band 2 DLC
Smells Like Teen Spirit,Nirvana,Rock Band 2 DLC
Something in the Way,Nirvana,Rock Band 2 DLC
Stay Away,Nirvana,Rock Band 2 DLC
Territorial Pissings,Nirvana,Rock Band 2 DLC
Don't Speak,No Doubt,Rock Band 2 DLC
End It on This,No Doubt,Rock Band 2 DLC
Spiderwebs,No Doubt,Rock Band 2 DLC
Supersonic (Live),Oasis,Rock Band 2 DLC
Crazy Babies,Ozzy Osbourne,Rock Band 2 DLC
Diggin' Me Down,Ozzy Osbourne,Rock Band 2 DLC
I Don't Wanna Stop,Ozzy Osbourne,Rock Band 2 DLC
Let Me Hear You Scream,Ozzy Osbourne,Rock Band 2 DLC
No More Tears,Ozzy Osbourne,Rock Band 2 DLC
Soul Sucker,Ozzy Osbourne,Rock Band 2 DLC
Who Knew,P!nk,Rock Band 2 DLC
She's a Handsome Woman,Panic! At the Disco,Rock Band 2 DLC
Another One Bites the Dust,Queen,Rock Band 2 DLC
Crazy Little Thing Called Love,Queen,Rock Band 2 DLC
Fat Bottomed Girls,Queen,Rock Band 2 DLC
I Want It All,Queen,Rock Band 2 DLC
I Want to Break Free,Queen,Rock Band 2 DLC
Killer Queen,Queen,Rock Band 2 DLC
One Vision,Queen,Rock Band 2 DLC
Somebody to Love,Queen,Rock Band 2 DLC
Tie Your Mother Down,Queen,Rock Band 2 DLC
Under Pressure,Queen,Rock Band 2 DLC
It's the End of the World as We Know It,R.E.M.,Rock Band 2 DLC
Losing My Religion,R.E.M.,Rock Band 2 DLC
Bulls on Parade,Rage Against the Machine,Rock Band 2 DLC
Guerilla Radio,Rage Against the Machine,Rock Band 2 DLC
Rock 'n' Roll High School,Ramones,Rock Band 2 DLC
Apache Rose Peacock,Red Hot Chili Peppers,Rock Band 2 DLC
Blood Sugar Sex Magik,Red Hot Chili Peppers,Rock Band 2 DLC
Breaking the Girl,Red Hot Chili Peppers,Rock Band 2 DLC
Funky Monks,Red Hot Chili Peppers,Rock Band 2 DLC
I Could Have Lied,Red Hot Chili Peppers,Rock Band 2 DLC
If You Have to Ask,Red Hot Chili Peppers,Rock Band 2 DLC
Mellowship Slinky in B Major,Red Hot Chili Peppers,Rock Band 2 DLC
My Lovely Man,Red Hot Chili Peppers,Rock Band 2 DLC
Naked in the Rain,Red Hot Chili Peppers,Rock Band 2 DLC
Sir Psycho Sexy,Red Hot Chili Peppers,Rock Band 2 DLC
Suck My Kiss,Red Hot Chili Peppers,Rock Band 2 DLC
The Greeting Song,Red Hot Chili Peppers,Rock Band 2 DLC
The Power of Equality,Red Hot Chili Peppers,Rock Band 2 DLC
The Righteous and the Wicked,Red Hot Chili Peppers,Rock Band 2 DLC
They're Red Hot,Red Hot Chili Peppers,Rock Band 2 DLC
Under the Bridge,Red Hot Chili Peppers,Rock Band 2 DLC
All Star,Smash Mouth,Rock Band 2 DLC
Drop It Like Its Hot,Snoop Dogg,Rock Band 2 DLC
Sensual Seduction,Snoop Dogg,Rock Band 2 DLC
Take Back the City,Snow Patrol,Rock Band 2 DLC
(Funky) Sex Farm,Spinal Tap,Rock Band 2 DLC
(Listen to the) Flower People (Reggae Stylee),Spinal Tap,Rock Band 2 DLC
America,Spinal Tap,Rock Band 2 DLC
Back from the Dead,Spinal Tap,Rock Band 2 DLC
Big Bottom,Spinal Tap,Rock Band 2 DLC
Cups and Cakes,Spinal Tap,Rock Band 2 DLC
Gimme Some Money,Spinal Tap,Rock Band 2 DLC
Heavy Duty,Spinal Tap,Rock Band 2 DLC
Hell Hole,Spinal Tap,Rock Band 2 DLC
Rock 'n' Roll Creation,Spinal Tap,Rock Band 2 DLC
Rock 'n' Roll Nightmare,Spinal Tap,Rock Band 2 DLC
Saucy Jack,Spinal Tap,Rock Band 2 DLC
Stonehenge,Spinal Tap,Rock Band 2 DLC
Tonight I'm Gonna Rock You Tonight,Spinal Tap,Rock Band 2 DLC
Warmer Than Hell,Spinal Tap,Rock Band 2 DLC
A Day Like This,SpongeBob SquarePants,Rock Band 2 DLC
Employee of the Month,SpongeBob SquarePants,Rock Band 2 DLC
I Can't Keep My Eyes Off of You,SpongeBob SquarePants,Rock Band 2 DLC
Ridin' the Hook,SpongeBob SquarePants,Rock Band 2 DLC
The Best Day Ever,SpongeBob SquarePants,Rock Band 2 DLC
Where's Gary?,SpongeBob SquarePants,Rock Band 2 DLC
Liar (It Takes On To Know One),Taking Back Sunday,Rock Band 2 DLC
MakeDamnSure,Taking Back Sunday,Rock Band 2 DLC
What's It Feel Like To Be A Ghost,Taking Back Sunday,Rock Band 2 DLC
Rock Your Socks,Tenacious D,Rock Band 2 DLC
Tribute,Tenacious D,Rock Band 2 DLC
Gives You Hell,The All-American Rejects,Rock Band 2 DLC
Real World,The All-American Rejects,Rock Band 2 DLC
I Got Mine,The Black Keys,Rock Band 2 DLC
Strange Times,The Black Keys,Rock Band 2 DLC
Your Touch,The Black Keys,Rock Band 2 DLC
Let Forever Be,The Chemical Brothers,Rock Band 2 DLC
Linger,The Cranberries,Rock Band 2 DLC
Creepin' Up the Backstairs,The Fratellis,Rock Band 2 DLC
Flathead,The Fratellis,Rock Band 2 DLC
Henrietta,The Fratellis,Rock Band 2 DLC
Decent Days And Nights,The Futureheads,Rock Band 2 DLC
Hounds of Love,The Futureheads,Rock Band 2 DLC
Our Lips Are Sealed,The Go-Go's,Rock Band 2 DLC
ABC,The Jackson 5,Rock Band 2 DLC
Going Underground,The Jam,Rock Band 2 DLC
Town Called Malice,The Jam,Rock Band 2 DLC
Mr. Brightside,The Killers,Rock Band 2 DLC
Smile Like You Mean It,The Killers,Rock Band 2 DLC
Spaceman,The Killers,Rock Band 2 DLC
A Lot Like Me,The Offspring,Rock Band 2 DLC
All I Want,The Offspring,Rock Band 2 DLC
Gone Away,The Offspring,Rock Band 2 DLC
Pretty Fly (For a White Guy),The Offspring,Rock Band 2 DLC
Self Esteem,The Offspring,Rock Band 2 DLC
The Kids Aren't Alright,The Offspring,Rock Band 2 DLC
Walking on the Moon,The Police,Rock Band 2 DLC
"Steady, As She Goes",The Raconteurs,Rock Band 2 DLC
Kids Don't Follow,The Replacements,Rock Band 2 DLC
This Charming Man,The Smiths,Rock Band 2 DLC
Blood on My Hands,The Used,Rock Band 2 DLC
Born to Quit,The Used,Rock Band 2 DLC
The Taste of Ink,The Used,Rock Band 2 DLC
Dead Leaves and the Dirty Ground,The White Stripes,Rock Band 2 DLC
Fell in Love with a Girl,The White Stripes,Rock Band 2 DLC
"Girl, You Have No Faith in Medicine",The White Stripes,Rock Band 2 DLC
Icky Thump,The White Stripes,Rock Band 2 DLC
Seven Nation Army,The White Stripes,Rock Band 2 DLC
You Don't Know What Love Is (You Just Do As You're Told),The White Stripes,Rock Band 2 DLC
Magic Bus (Live at Leeds),The Who,Rock Band 2 DLC
The Who Super Bowl S-mashup,The Who,Rock Band 2 DLC
"Ready, Set, Go!",Tokio Hotel,Rock Band 2 DLC
I Won't Back Down,Tom Petty,Rock Band 2 DLC
Runnin' Down a Dream,Tom Petty,Rock Band 2 DLC
A Thing About You (Live),Tom Petty and the Heartbreakers,Rock Band 2 DLC
A Woman in Love (Live),Tom Petty and the Heartbreakers,Rock Band 2 DLC
American Girl (Live),Tom Petty and the Heartbreakers,Rock Band 2 DLC
Breakdown (Live),Tom Petty and the Heartbreakers,Rock Band 2 DLC
Century City (Live),Tom Petty and the Heartbreakers,Rock Band 2 DLC
Even the Losers (Live),Tom Petty and the Heartbreakers,Rock Band 2 DLC
Here Comes My Girl (Live),Tom Petty and the Heartbreakers,Rock Band 2 DLC
Jammin' Me (Live),Tom Petty and the Heartbreakers,Rock Band 2 DLC
Mary Jane's Last Dance (Live),Tom Petty and the Heartbreakers,Rock Band 2 DLC
Nightwatchman (Live),Tom Petty and the Heartbreakers,Rock Band 2 DLC
Refugee (Live),Tom Petty and the Heartbreakers,Rock Band 2 DLC
The Waiting (Live),Tom Petty and the Heartbreakers,Rock Band 2 DLC
Downfall,TRUSTcompany,Rock Band 2 DLC
Wasted Again,Turbonegro,Rock Band 2 DLC
Wolf Like Me,TV on the Radio,Rock Band 2 DLC
"Desperate Times, Desperate Measures",Underoath,Rock Band 2 DLC
Reinventing Your Exit,Underoath,Rock Band 2 DLC
Writing On The Walls,Underoath,Rock Band 2 DLC
Rock Band Network Megamix 01,Various Artists,Rock Band 2 DLC
American Music,Violent Femmes,Rock Band 2 DLC
Bury Me Alive,We Are The Fallen,Rock Band 2 DLC
(If You're Wondering If I Want You To) I Want You To,Weezer,Rock Band 2 DLC
Beverly Hills,Weezer,Rock Band 2 DLC
Let It All Hang Out,Weezer,Rock Band 2 DLC
My Name Is Jonas,Weezer,Rock Band 2 DLC
Pork and Beans,Weezer,Rock Band 2 DLC
Undone - The Sweater Song,Weezer,Rock Band 2 DLC
Black Sunshine,White Zombie,Rock Band 2 DLC
More Human Than Human,White Zombie,Rock Band 2 DLC
This Is Exile,Whitechapel,Rock Band 2 DLC
New Moon Rising,Wolfmother,Rock Band 2 DLC
Pilgrim,Wolfmother,Rock Band 2 DLC
Sundial,Wolfmother,Rock Band 2 DLC
White Unicorn,Wolfmother,Rock Band 2 DLC
Woman,Wolfmother,Rock Band 2 DLC
Visions,Abnormality,Rock Band 2
Let There Be Rock,AC/DC,Rock Band 2
Girl's Not Grey,AFI,Rock Band 2
You Oughta Know,Alanis Morissette,Rock Band 2
Man in the Box,Alice in Chains,Rock Band 2
Get Clean,Anarchy Club,Rock Band 2
Almost Easy,Avenged Sevenfold,Rock Band 2
Shooting Star,Bad Company,Rock Band 2
Night Lies,Bang Camaro,Rock Band 2
So What'cha Want,Beastie Boys,Rock Band 2
E-Pro,Beck,Rock Band 2
Rebel Girl,Bikini Kill,Rock Band 2
White Wedding (Part 1),Billy Idol,Rock Band 2
One Way or Another,Blondie,Rock Band 2
Tangled Up in Blue,Bob Dylan,Rock Band 2
Livin' on a Prayer,Bon Jovi,Rock Band 2
Shoulder to the Plow,Breaking Wheel,Rock Band 2
Hello There,Cheap Trick,Rock Band 2
Uncontrollable Urge,Devo,Rock Band 2
Feel the Pain,Dinosaur Jr.,Rock Band 2
Down With The Sickness,Disturbed,Rock Band 2
Panic Attack,Dream Theater,Rock Band 2
Hungry Like the Wolf,Duran Duran,Rock Band 2
Pump It Up,Elvis Costello,Rock Band 2
Go Your Own Way,Fleetwood Mac,Rock Band 2
Everlong,Foo Fighters,Rock Band 2
Shackler's Revenge,Guns N' Roses,Rock Band 2
PDA,Interpol,Rock Band 2
Mountain Song,Jane's Addiction,Rock Band 2
Aqualung,Jethro Tull,Rock Band 2
The Middle,Jimmy Eat World,Rock Band 2
Bad Reputation,Joan Jett,Rock Band 2
Any Way You Want It,Journey,Rock Band 2
Painkiller,Judas Priest,Rock Band 2
Carry On Wayward Son,Kansas,Rock Band 2
Pretend We're Dead,L7,Rock Band 2
Our Truth,Lacuna Coil,Rock Band 2
One Step Closer,Linkin Park,Rock Band 2
My Own Worst Enemy,Lit,Rock Band 2
De-Luxe,Lush,Rock Band 2
Colony of Birchmen,Mastodon,Rock Band 2
Peace Sells,Megadeth,Rock Band 2
Battery,Metallica,Rock Band 2
Float On,Modest Mouse,Rock Band 2
Ace of Spades '08,Motorhead,Rock Band 2
Drain You,Nirvana,Rock Band 2
Spirit In The Sky,Norman Greenbaum,Rock Band 2
Nine in the Afternoon,Panic! At the Disco,Rock Band 2
That's What You Get,Paramore,Rock Band 2
Alive,Pearl Jam,Rock Band 2
Lump,Presidents of the United States of America,Rock Band 2
Testify,Rage Against the Machine,Rock Band 2
Round and Round,Ratt,Rock Band 2
Give It Away,Red Hot Chili Peppers,Rock Band 2
Give It All,Rise Against,Rock Band 2
The Trees (Vault Edition),Rush,Rock Band 2
Lazy Eye,Silversun Pickups,Rock Band 2
Today,Smashing Pumpkins,Rock Band 2
I Was Wrong,Social Distortion,Rock Band 2
Teen Age Riot,Sonic Youth,Rock Band 2
Spoonman,Soundgarden,Rock Band 2
Conventional Lover,Speck,Rock Band 2
Cool for Cats,Squeeze,Rock Band 2
Bodhisattva,Steely Dan,Rock Band 2
Rock'n Me,Steve Miller Band,Rock Band 2
Eye of the Tiger,Survivor,Rock Band 2
Chop Suey,System of a Down,Rock Band 2
Psycho Killer,Talking Heads,Rock Band 2
Master Exploder,Tenacious D,Rock Band 2
Souls of Black,Testament,Rock Band 2
Rob the Prez-O-Dent,That Handsome Devil,Rock Band 2
Ramblin' Man,The Allman Brothers Band,Rock Band 2
New Kid In School,The Donnas,Rock Band 2
We Got the Beat,The Go-Go's,Rock Band 2
Alabama Getaway,Grateful Dead,Rock Band 2
American Woman,The Guess Who,Rock Band 2
Welcome To The Neighborhood,Libyans,Rock Band 2
A Jagged Gorgeous Winter,The Main Drag,Rock Band 2
Where'd You Go?,The Mighty Mighty Bosstones,Rock Band 2
Kids In America,The Muffs,Rock Band 2
Come Out and Play (Keep 'Em Separated),The Offspring,Rock Band 2
Alex Chilton,The Replacements,Rock Band 2
Supreme Girl,The Sterns,Rock Band 2
Pinball Wizard,The Who,Rock Band 2
Rehab,Amy Winehouse,Rock Band 3
Party Hard,Andrew W.K.,Rock Band 3
Caught in a Mosh,Anthrax,Rock Band 3
R U Mine?,Arctic Monkeys,Rock Band 3
One Armed Scissor,At the Drive-In,Rock Band 3
Beast and the Harlot,Avenged Sevenfold,Rock Band 3
Airplanes,B.o.B. (featuring Hayley Williams),Rock Band 3
In a Big Country,Big Country,Rock Band 3
Piano Man,Billy Joel,Rock Band 3
Rebel Love Song,Black Veil Brides,Rock Band 3
Heart of Glass,Blondie,Rock Band 3
"Get Up, Stand Up",Bob Marley and the Wailers,Rock Band 3
Marry You,Bruno Mars,Rock Band 3
Jerk It Out,Caesars,Rock Band 3
25 or 6 to 4,Chicago,Rock Band 3
Clocks,Coldplay,Rock Band 3
Every Teardrop is a Waterfall,Coldplay,Rock Band 3
Fix You,Coldplay,Rock Band 3
The Scientist,Coldplay,Rock Band 3
Viva la Vida,Coldplay,Rock Band 3
Yellow,Coldplay,Rock Band 3
Fame,David Bowie,Rock Band 3
Modern Love,David Bowie,Rock Band 3
Space Oddity,David Bowie,Rock Band 3
Ziggy Stardust,David Bowie,Rock Band 3
Smoke on the Water,Deep Purple,Rock Band 3
Foolin',Def Leppard,Rock Band 3
Personal Jesus,Depeche Mode,Rock Band 3
Whip It,Devo,Rock Band 3
Rainbow in the Dark,Dio,Rock Band 3
Walk of Life,Dire Straits,Rock Band 3
King George,Dover,Rock Band 3
The Killing Moon,Echo & The Bunnymen,Rock Band 3
Don't Let the Sun Go Down on Me,Elton John,Rock Band 3
I'm Still Standing,Elton John,Rock Band 3
Saturday Night's Alright for Fighting,Elton John,Rock Band 3
The Bitch is Back,Elton John,Rock Band 3
MidLife Crisis,Faith No More,Rock Band 3
"Dance, Dance",Fall Out Boy,Rock Band 3
"Sugar, We're Goin' Down",Fall Out Boy,Rock Band 3
Thnks fr th Mmrs,Fall Out Boy,Rock Band 3
Hey Man Nice Shot,Filter,Rock Band 3
Dog Days Are Over,Florence + the Machine,Rock Band 3
Long Road to Ruin,Foo Fighters,Rock Band 3
Rope,Foo Fighters,Rock Band 3
Something from Nothing,Foo Fighters,Rock Band 3
Stacked Actors,Foo Fighters,Rock Band 3
Walk,Foo Fighters,Rock Band 3
Cold as Ice,Foreigner,Rock Band 3
Relax (Come Fighting),Frankie Goes to Hollywood,Rock Band 3
Radar Love,Golden Earring,Rock Band 3
The Anthem,Good Charlotte,Rock Band 3
Oh Love,Green Day,Rock Band 3
Stereo Hearts,Gym Class Heroes (ft. Adam Levine),Rock Band 3
Killing Loneliness,H.I.M.,Rock Band 3
Do You Believe in Love,Huey Lewis and the News,Rock Band 3
The Power of Love,Huey Lewis and the News,Rock Band 3
Viva la Resistance,Hypernova,Rock Band 3
Oh My God,Ida Maria,Rock Band 3
Need You Tonight,INXS,Rock Band 3
I Got You (I Feel Good),James Brown,Rock Band 3
Been Caught Stealing,Jane's Addiction,Rock Band 3
I Love Rock N' Roll,Joan Jett & The Blackhearts,Rock Band 3
Imagine,John Lennon,Rock Band 3
I Walk the Line,Johnny Cash,Rock Band 3
Ring of Fire (RB3 version),Johnny Cash,Rock Band 3
Love Will Tear Us Apart,Joy Division,Rock Band 3
Me Enamora,Juanes,Rock Band 3
Free Bird,Lynyrd Skynyrd,Rock Band 3
Oye Mi Amor,Mana,Rock Band 3
The Beautiful People,Marilyn Manson,Rock Band 3
Combat Baby,Metric,Rock Band 3
Helena,My Chemical Romance,Rock Band 3
Sing,My Chemical Romance,Rock Band 3
Teenagers,My Chemical Romance,Rock Band 3
Sister Christian,Night Ranger,Rock Band 3
Crazy Train,Ozzy Osbourne,Rock Band 3
I Write Sins Not Tragedies,Panic! at the Disco,Rock Band 3
Misery Business,Paramore,Rock Band 3
Llama,Phish,Rock Band 3
Lasso,Phoenix,Rock Band 3
Antibodies,Poni Hoax,Rock Band 3
"Something Bigger, Something Brighter",Pretty Girls Make Graves,Rock Band 3
Jerry Was a Race Car Driver,Primus,Rock Band 3
Bicycle Race,Queen,Rock Band 3
Bohemian Rhapsody,Queen,Rock Band 3
Don't Stop Me Now,Queen,Rock Band 3
Hammer to Fall,Queen,Rock Band 3
I Want It All (RB3 version),Queen,Rock Band 3
I Want To Break Free (RB3 version),Queen,Rock Band 3
I'm in Love With My Car,Queen,Rock Band 3
Keep Yourself Alive,Queen,Rock Band 3
Killer Queen (RB3 version),Queen,Rock Band 3
Long Away,Queen,Rock Band 3
Now I'm Here,Queen,Rock Band 3
One Vision (RB3 version),Queen,Rock Band 3
Play the Game,Queen,Rock Band 3
Radio Ga Ga,Queen,Rock Band 3
Seven Seas of Rhye,Queen,Rock Band 3
Somebody To Love (RB3 version),Queen,Rock Band 3
Stone Cold Crazy,Queen,Rock Band 3
Tenement Funster,Queen,Rock Band 3
The Show Must Go On,Queen,Rock Band 3
Under Pressure (RB3 version),Queen,Rock Band 3
We Are the Champions (RB3 version),Queen,Rock Band 3
We Will Rock You (RB3 version),Queen,Rock Band 3
You're My Best Friend,Queen,Rock Band 3
No One Knows,Queens of the Stone Age,Rock Band 3
Du Hast,Rammstein,Rock Band 3
I Wanna Be Sedated,Ramones,Rock Band 3
By the Way,Red Hot Chili Peppers,Rock Band 3
Californication,Red Hot Chili Peppers,Rock Band 3
Never Gonna Give You Up,Rick Astley,Rock Band 3
Portions for Foxes,Rilo Kiley,Rock Band 3
Don't Bury Me... I'm Still Not Dead,Riverboat Gamblers,Rock Band 3
The Look,Roxette,Rock Band 3
Before I Forget,Slipknot,Rock Band 3
Left Behind,Slipknot,Rock Band 3
Pulse of the Maggots,Slipknot,Rock Band 3
Snuff,Slipknot,Rock Band 3
Wait and Bleed,Slipknot,Rock Band 3
Can't Get Enough of You Baby,Smash Mouth,Rock Band 3
Walking on the Sun,Smash Mouth,Rock Band 3
Why Can't We Be Friends,Smash Mouth,Rock Band 3
In the Meantime,Spacehog,Rock Band 3
Fly Like an Eagle,Steve Miller Band,Rock Band 3
Higher Ground,Stevie Wonder,Rock Band 3
I Wish,Stevie Wonder,Rock Band 3
Living For the City,Stevie Wonder,Rock Band 3
Sir Duke,Stevie Wonder,Rock Band 3
Superstition,Stevie Wonder,Rock Band 3
Plush,Stone Temple Pilots,Rock Band 3
Fat Lip,Sum 41,Rock Band 3
Still Waiting,Sum 41,Rock Band 3
This Bastard's Life,Swingin' Utters,Rock Band 3
Aerials,System of a Down,Rock Band 3
Hypnotize,System of a Down,Rock Band 3
20th Century Boy,T. Rex,Rock Band 3
Everybody Wants to Rule the World,Tears for Fears,Rock Band 3
The Con,Tegan and Sara,Rock Band 3
Rize of the Fenix,Tenacious D,Rock Band 3
Rock Lobster,The B-52's,Rock Band 3
Good Vibrations (Live),The Beach Boys,Rock Band 3
Howlin' for You,The Black Keys,Rock Band 3
False Alarm,The Bronx,Rock Band 3
London Calling,The Clash,Rock Band 3
Just Like Heaven,The Cure,Rock Band 3
I Believe in a Thing Called Love,The Darkness,Rock Band 3
China Grove,The Doobie Brothers,Rock Band 3
Break on Through (To the Other Side),The Doors,Rock Band 3
Yoshimi Battles the Pink Robots Pt. 1,The Flaming Lips,Rock Band 3
Centerfold,The J. Geils Band,Rock Band 3
Crosstown Traffic,The Jimi Hendrix Experience,Rock Band 3
Outer Space,The Muffs,Rock Band 3
Don't Stand So Close to Me,The Police,Rock Band 3
Every Breath You Take,The Police,Rock Band 3
Last Dance,The Raveonettes,Rock Band 3
Stop Me if You Think You've Heard This One Before,The Smiths,Rock Band 3
Living in America,The Sounds,Rock Band 3
Get Free,The Vines,Rock Band 3
The Hardest Button to Button,The White Stripes,Rock Band 3
I Can See for Miles,The Who,Rock Band 3
Dead End Friends,Them Crooked Vultures,Rock Band 3
Humanoid,Tokio Hotel,Rock Band 3
I Need to Know,Tom Petty and the Heartbreakers,Rock Band 3
Low Rider,WAR,Rock Band 3
Werewolves of London,Warren Zevon,Rock Band 3
Hash Pipe,Weezer,Rock Band 3
Here I Go Again,Whitesnake,Rock Band 3
Roundabout,Yes,Rock Band 3
Caught Up in You,38 Special,Rock Band 4
What's Up?,4 Non Blondes,Rock Band 4
Toys in the Attic,Aerosmith,Rock Band 4
Arabella,Arctic Monkeys,Rock Band 4
Hail to the King,Avenged Sevenfold,Rock Band 4
Violent Shiver,Benjamin Booker,Rock Band 4
Start a Band,Brad Paisley ft. Keith Urban,Rock Band 4
Mainstream Kid,Brandi Carlile,Rock Band 4
Short Skirt/Long Jacket,Cake,Rock Band 4
V-Bomb,Dark Wheels,Rock Band 4
Prayer,Disturbed,Rock Band 4
"Metropolis - Part 1: ""The Miracle and the Sleeper""",Dream Theater,Rock Band 4
Metropolis Part 1: The Miracle and the Sleeper (2x Bass Pedal),Dream Theater,Rock Band 4
Knock 'Em Down,Duck & Cover,Rock Band 4
Albert,Eddie Japan,Rock Band 4
Suspicious Minds,Elvis Presley,Rock Band 4
Centuries,Fall Out Boy,Rock Band 4
You Make Loving Fun,Fleetwood Mac,Rock Band 4
The Feast and the Famine,Foo Fighters,Rock Band 4
Ain't Messin 'Round,Gary Clark Jr.,Rock Band 4
Follow You Down,Gin Blossoms,Rock Band 4
Tongue Tied,Grouplove,Rock Band 4
I Miss the Misery,Halestorm,Rock Band 4
Kick It Out,Heart,Rock Band 4
I Am Electric,Heaven's Basement,Rock Band 4
I Bet My Life,Imagine Dragons,Rock Band 4
Lazaretto,Jack White,Rock Band 4
Recession,Jeff Allen ft. Noelle LeBlanc and Naoko Takamoto,Rock Band 4
Cold Clear Light,Johnny Blazes and The Pretty Boys,Rock Band 4
Halls of Valhalla,Judas Priest,Rock Band 4
Dream Genie,Lightning Bolt,Rock Band 4
Little White Church,Little Big Town,Rock Band 4
All Over You,Live,Rock Band 4
Turn It Around,Lucius,Rock Band 4
Turn It Around (2x Bass Pedal),Lucius,Rock Band 4
That Smell,Lynyrd Skynyrd,Rock Band 4
Uptown Funk,Mark Ronson ft. Bruno Mars,Rock Band 4
The Wolf,Mumford & Sons,Rock Band 4
Miracle Man,Ozzy Osbourne,Rock Band 4
Miracle Man (2x Bass Pedal),Ozzy Osbourne,Rock Band 4
Still Into You,Paramore,Rock Band 4
My God Is the Sun,Queens of the Stone Age,Rock Band 4
The One I Love,R.E.M.,Rock Band 4
"Rock and Roll, Hoochie Koo",Rick Derringer,Rock Band 4
A Passage to Bangkok,Rush,Rock Band 4
The Warrior,Scandal,Rock Band 4
No One Like You,Scorpions,Rock Band 4
Light the Fuse,Slydigs,Rock Band 4
Dead Black (Heart of Ice),Soul Remnants,Rock Band 4
Dead Black (Heart of Ice) (2x Bass Pedal),Soul Remnants,Rock Band 4
Superunknown,Soundgarden,Rock Band 4
Little Miss Can't Be Wrong,Spin Doctors,Rock Band 4
Birth in Reverse,St. Vincent,Rock Band 4
Spiders,System of a Down,Rock Band 4
Fever,The Black Keys,Rock Band 4
Milwaukee,The Both,Rock Band 4
Friday I'm in Love,The Cure,Rock Band 4
Somebody Told Me,The Killers,Rock Band 4
The Impression That I Get,The Mighty Mighty Bosstones,Rock Band 4
Your Love,The Outfield,Rock Band 4
Light Up the Night,The Protomen,Rock Band 4
Free Falling,The Warning,Rock Band 4
The Seeker,The Who,Rock Band 4
Pistol Whipped,Tijuana Sweetheart,Rock Band 4
Cedarwood Road,U2,Rock Band 4
I Will Follow,U2,Rock Band 4
Panama,Van Halen,Rock Band 4
Brown Eyed Girl,Van Morrison,Rock Band 4
At Night in Dreams,White Denim,Rock Band 4
21 Guns,Green Day,Rock Band Green Day
Christian's Inferno,Green Day,Rock Band Green Day
East Jesus Nowhere,Green Day,Rock Band Green Day
Know Your Enemy,Green Day,Rock Band Green Day
Last of the American Girls,Green Day,Rock Band Green Day
Viva La Gloria!,Green Day,Rock Band Green Day
21st Century Breakdown,Green Day,Rock Band Green Day
American Eulogy,Green Day,Rock Band Green Day
American Idiot,Green Day,Rock Band Green Day
Are We the Waiting/St. Jimmy,Green Day,Rock Band Green Day
Basket Case,Green Day,Rock Band Green Day
Before the Lobotomy,Green Day,Rock Band Green Day
Boulevard of Broken Dreams,Green Day,Rock Band Green Day
Brain Stew/Jaded,Green Day,Rock Band Green Day
Burnout,Green Day,Rock Band Green Day
Chump,Green Day,Rock Band Green Day
Coming Clean,Green Day,Rock Band Green Day
Emenius Sleepus,Green Day,Rock Band Green Day
Extraordinary Girl,Green Day,Rock Band Green Day
F.O.D.,Green Day,Rock Band Green Day
Geek Stink Breath,Green Day,Rock Band Green Day
Give Me Novacaine/She's a Rebel,Green Day,Rock Band Green Day
Good Riddance (Time of Your Life),Green Day,Rock Band Green Day
Having a Blast,Green Day,Rock Band Green Day
Hitchin' a Ride,Green Day,Rock Band Green Day
Holiday,Green Day,Rock Band Green Day
Homecoming,Green Day,Rock Band Green Day
Horseshoes and Handgrenades,Green Day,Rock Band Green Day
In the End,Green Day,Rock Band Green Day
Jesus of Suburbia,Green Day,Rock Band Green Day
Last Night on Earth,Green Day,Rock Band Green Day
Letterbomb,Green Day,Rock Band Green Day
Longview,Green Day,Rock Band Green Day
Minority,Green Day,Rock Band Green Day
Murder City,Green Day,Rock Band Green Day
Nice Guys Finish Last,Green Day,Rock Band Green Day
Peacemaker,Green Day,Rock Band Green Day
Pulling Teeth,Green Day,Rock Band Green Day
Restless Heart Syndrome,Green Day,Rock Band Green Day
Sassafrass Roots,Green Day,Rock Band Green Day
See the Light,Green Day,Rock Band Green Day
She,Green Day,Rock Band Green Day
Song of the Century,Green Day,Rock Band Green Day
The Static Age,Green Day,Rock Band Green Day
??Viva la Gloria? (Little Girl),Green Day,Rock Band Green Day
Wake Me Up When September Ends,Green Day,Rock Band Green Day
Warning,Green Day,Rock Band Green Day
Welcome to Paradise,Green Day,Rock Band Green Day
Whatsername,Green Day,Rock Band Green Day
When I Come Around,Green Day,Rock Band Green Day
Aliens Exist,Blink-182,LEGO Rock Band
Song 2,Blur,LEGO Rock Band
You Give Love a Bad Name,Bon Jovi,LEGO Rock Band
Thunder,Boys Like Girls,LEGO Rock Band
Summer of '69,Bryan Adams,LEGO Rock Band
Kung Fu Fighting,Carl Douglas,LEGO Rock Band
Accidentally in Love,Counting Crows,LEGO Rock Band
Let's Dance,David Bowie,LEGO Rock Band
Crocodile Rock,Elton John,LEGO Rock Band
The Final Countdown,Europe,LEGO Rock Band
Real Wild Child,Everlife,LEGO Rock Band
Breakout,Foo Fighters,LEGO Rock Band
Girls & Boys,Good Charlotte,LEGO Rock Band
The Passenger,Iggy Pop,LEGO Rock Band
Dig,Incubus,LEGO Rock Band
Ruby,Kaiser Chiefs,LEGO Rock Band
Walking on Sunshine,Katrina and the Waves,LEGO Rock Band
Word Up!,KoRn,LEGO Rock Band
Suddenly I See,KT Tunstall,LEGO Rock Band
Rooftops (A Liberation Broadcast),Lostprophets,LEGO Rock Band
So What,Pink,LEGO Rock Band
We Are the Champions,Queen,LEGO Rock Band
We Will Rock You,Queen,LEGO Rock Band
Life Is a Highway,Rascal Flatts,LEGO Rock Band
Ghostbusters,Ray Parker Jr.,LEGO Rock Band
Stumble and Fall,Razorlight,LEGO Rock Band
Two Princes,Spin Doctors,LEGO Rock Band
Short and Sweet,Spinal Tap,LEGO Rock Band
Make Me Smile (Come Up and See Me),Steve Harley & Cockney Rebel,LEGO Rock Band
In Too Deep,Sum 41,LEGO Rock Band
Grace,Supergrass,LEGO Rock Band
Ride a White Swan,T. Rex,LEGO Rock Band
"Swing, Swing",The All-American Rejects,LEGO Rock Band
Monster,The Automatic,LEGO Rock Band
Dreaming of You,The Coral,LEGO Rock Band
Tick Tick Boom,The Hives,LEGO Rock Band
I Want You Back,The Jackson 5,LEGO Rock Band
Fire,The Jimi Hendrix Experience,LEGO Rock Band
Naive,The Kooks,LEGO Rock Band
Every Little Thing She Does Is Magic,The Police,LEGO Rock Band
Crash,The Primitives,LEGO Rock Band
Valerie,The Zutons,LEGO Rock Band
Free Fallin',Tom Petty,LEGO Rock Band
A-Punk,Vampire Weekend,LEGO Rock Band
Check Yes Juliet,We the Kings,LEGO Rock Band
